FileName,Class,MoreThanOnePerson
Img_1963.jpg,drinking,YES
Img_7244.jpg,gardening,NO
Img_6218.jpg,taking_photos,NO
Img_7703.jpg,waving_hands,NO
Img_6318.jpg,pushing_a_cart,NO
Img_919.jpg,playing_violin,YES
Img_9170.jpg,looking_through_a_microscope,NO
Img_8062.jpg,shooting_an_arrow,NO
Img_7319.jpg,cutting_trees,NO
Img_1819.jpg,fixing_a_car,NO
Img_4538.jpg,playing_violin,NO
Img_8702.jpg,feeding_a_horse,NO
Img_6795.jpg,applauding,YES
Img_1591.jpg,smoking,NO
Img_5606.jpg,playing_violin,YES
Img_1454.jpg,riding_a_bike,NO
Img_867.jpg,taking_photos,NO
Img_1875.jpg,writing_on_a_book,NO
Img_2245.jpg,smoking,NO
Img_2280.jpg,throwing_frisby,NO
Img_3354.jpg,riding_a_bike,NO
Img_3922.jpg,climbing,NO
Img_7251.jpg,cleaning_the_floor,NO
Img_1810.jpg,using_a_computer,NO
Img_7187.jpg,throwing_frisby,YES
Img_4717.jpg,feeding_a_horse,NO
Img_7613.jpg,cutting_vegetables,NO
Img_1330.jpg,shooting_an_arrow,NO
Img_5110.jpg,phoning,NO
Img_4481.jpg,fishing,NO
Img_8608.jpg,gardening,YES
Img_4744.jpg,jumping,NO
Img_8602.jpg,watching_TV,NO
Img_6423.jpg,looking_through_a_telescope,NO
Img_5623.jpg,feeding_a_horse,NO
Img_7694.jpg,shooting_an_arrow,NO
Img_7317.jpg,waving_hands,NO
Img_5128.jpg,throwing_frisby,NO
Img_3577.jpg,fixing_a_bike,NO
Img_5682.jpg,fixing_a_car,NO
Img_5312.jpg,blowing_bubbles,NO
Img_1989.jpg,playing_violin,NO
Img_1217.jpg,cleaning_the_floor,NO
Img_7699.jpg,holding_an_umbrella,YES
Img_5129.jpg,fixing_a_bike,YES
Img_7995.jpg,walking_the_dog,YES
Img_6424.jpg,watching_TV,NO
Img_3974.jpg,pouring_liquid,YES
Img_9001.jpg,walking_the_dog,YES
Img_9361.jpg,walking_the_dog,YES
Img_6711.jpg,riding_a_bike,YES
Img_4627.jpg,fixing_a_bike,NO
Img_954.jpg,playing_guitar,YES
Img_7736.jpg,looking_through_a_telescope,NO
Img_8302.jpg,riding_a_bike,NO
Img_7986.jpg,blowing_bubbles,NO
Img_8553.jpg,writing_on_a_board,NO
Img_6232.jpg,playing_violin,NO
Img_4881.jpg,shooting_an_arrow,NO
Img_8174.jpg,reading,NO
Img_1985.jpg,cooking,YES
Img_5361.jpg,writing_on_a_book,YES
Img_1489.jpg,feeding_a_horse,NO
Img_4051.jpg,riding_a_bike,YES
Img_2576.jpg,cleaning_the_floor,NO
Img_1606.jpg,playing_violin,YES
Img_7223.jpg,running,NO
Img_7689.jpg,washing_dishes,NO
Img_3560.jpg,jumping,YES
Img_846.jpg,looking_through_a_microscope,NO
Img_2124.jpg,fishing,NO
Img_5805.jpg,holding_an_umbrella,YES
Img_6302.jpg,drinking,NO
Img_3468.jpg,riding_a_horse,NO
Img_8390.jpg,feeding_a_horse,NO
Img_3462.jpg,drinking,NO
Img_1563.jpg,cutting_trees,NO
Img_3537.jpg,applauding,NO
Img_7281.jpg,riding_a_bike,NO
Img_3966.jpg,waving_hands,NO
Img_943.jpg,shooting_an_arrow,NO
Img_7231.jpg,cutting_vegetables,YES
Img_6713.jpg,cutting_trees,NO
Img_3709.jpg,jumping,NO
Img_3141.jpg,walking_the_dog,YES
Img_4356.jpg,writing_on_a_board,NO
Img_6174.jpg,brushing_teeth,NO
Img_8879.jpg,riding_a_bike,NO
Img_3180.jpg,fishing,NO
Img_8248.jpg,pouring_liquid,YES
Img_7707.jpg,drinking,NO
Img_2763.jpg,holding_an_umbrella,NO
Img_2067.jpg,writing_on_a_book,NO
Img_8603.jpg,reading,NO
Img_8121.jpg,throwing_frisby,YES
Img_5594.jpg,smoking,NO
Img_5635.jpg,walking_the_dog,YES
Img_5555.jpg,fixing_a_bike,NO
Img_7184.jpg,watching_TV,YES
Img_9158.jpg,riding_a_horse,NO
Img_6388.jpg,cutting_trees,NO
Img_3499.jpg,holding_an_umbrella,NO
Img_8143.jpg,reading,NO
Img_756.jpg,brushing_teeth,YES
Img_2020.jpg,fixing_a_car,NO
Img_2683.jpg,watching_TV,NO
Img_7116.jpg,looking_through_a_microscope,NO
Img_3008.jpg,riding_a_bike,NO
Img_8687.jpg,cutting_vegetables,YES
Img_2078.jpg,looking_through_a_microscope,NO
Img_334.jpg,writing_on_a_book,NO
Img_1981.jpg,waving_hands,NO
Img_863.jpg,looking_through_a_telescope,NO
Img_3311.jpg,walking_the_dog,NO
Img_8980.jpg,reading,NO
Img_2702.jpg,playing_violin,YES
Img_1141.jpg,playing_guitar,YES
Img_4142.jpg,using_a_computer,NO
Img_3239.jpg,washing_dishes,NO
Img_3473.jpg,pushing_a_cart,NO
Img_9251.jpg,looking_through_a_telescope,NO
Img_2945.jpg,playing_violin,YES
Img_1475.jpg,riding_a_horse,NO
Img_8479.jpg,watching_TV,YES
Img_953.jpg,washing_dishes,NO
Img_1283.jpg,shooting_an_arrow,NO
Img_8657.jpg,fishing,NO
Img_5596.jpg,feeding_a_horse,NO
Img_4768.jpg,fixing_a_car,YES
Img_3272.jpg,fishing,NO
Img_819.jpg,rowing_a_boat,NO
Img_7814.jpg,drinking,NO
Img_7089.jpg,cutting_trees,NO
Img_8654.jpg,taking_photos,NO
Img_6076.jpg,pushing_a_cart,NO
Img_6168.jpg,fixing_a_bike,YES
Img_3245.jpg,fishing,NO
Img_1784.jpg,fixing_a_bike,NO
Img_7290.jpg,writing_on_a_board,NO
Img_4411.jpg,climbing,NO
Img_9043.jpg,holding_an_umbrella,NO
Img_6681.jpg,taking_photos,NO
Img_6195.jpg,pushing_a_cart,YES
Img_4517.jpg,fixing_a_bike,YES
Img_5794.jpg,reading,YES
Img_8886.jpg,riding_a_horse,NO
Img_2052.jpg,playing_guitar,YES
Img_8288.jpg,washing_dishes,NO
Img_1201.jpg,playing_guitar,NO
Img_6637.jpg,washing_dishes,NO
Img_3125.jpg,reading,YES
Img_9243.jpg,fixing_a_car,YES
Img_1853.jpg,writing_on_a_book,YES
Img_4087.jpg,writing_on_a_board,NO
Img_8688.jpg,riding_a_horse,YES
Img_9078.jpg,pouring_liquid,NO
Img_6707.jpg,using_a_computer,NO
Img_7937.jpg,looking_through_a_telescope,NO
Img_5299.jpg,running,YES
Img_8265.jpg,brushing_teeth,YES
Img_95.jpg,blowing_bubbles,YES
Img_6788.jpg,texting_message,YES
Img_4937.jpg,holding_an_umbrella,YES
Img_714.jpg,writing_on_a_book,YES
Img_6411.jpg,texting_message,YES
Img_5716.jpg,playing_guitar,NO
Img_6878.jpg,riding_a_horse,YES
Img_7254.jpg,shooting_an_arrow,YES
Img_2377.jpg,texting_message,YES
Img_26.jpg,applauding,NO
Img_6045.jpg,jumping,NO
Img_9521.jpg,applauding,YES
Img_1184.jpg,riding_a_bike,NO
Img_6198.jpg,cutting_trees,NO
Img_7426.jpg,phoning,NO
Img_5191.jpg,watching_TV,NO
Img_3160.jpg,watching_TV,NO
Img_4774.jpg,playing_violin,NO
Img_2379.jpg,fixing_a_bike,YES
Img_5919.jpg,writing_on_a_board,NO
Img_11.jpg,cooking,NO
Img_7677.jpg,walking_the_dog,YES
Img_6752.jpg,jumping,NO
Img_8183.jpg,playing_violin,NO
Img_6126.jpg,reading,YES
Img_3938.jpg,feeding_a_horse,YES
Img_1104.jpg,watching_TV,NO
Img_7330.jpg,fishing,NO
Img_982.jpg,drinking,YES
Img_9337.jpg,texting_message,YES
Img_6408.jpg,throwing_frisby,YES
Img_1787.jpg,cutting_vegetables,NO
Img_8693.jpg,cleaning_the_floor,NO
Img_5078.jpg,holding_an_umbrella,NO
Img_974.jpg,waving_hands,YES
Img_990.jpg,jumping,NO
Img_5176.jpg,fixing_a_bike,NO
Img_4662.jpg,pushing_a_cart,YES
Img_2796.jpg,riding_a_horse,NO
Img_7061.jpg,climbing,NO
Img_6920.jpg,looking_through_a_telescope,NO
Img_9107.jpg,climbing,NO
Img_7705.jpg,pouring_liquid,YES
Img_5481.jpg,feeding_a_horse,NO
Img_357.jpg,cutting_trees,NO
Img_3744.jpg,watching_TV,NO
Img_209.jpg,riding_a_bike,NO
Img_1158.jpg,using_a_computer,NO
Img_197.jpg,playing_guitar,YES
Img_7888.jpg,brushing_teeth,YES
Img_4823.jpg,cooking,NO
Img_8404.jpg,phoning,NO
Img_6965.jpg,cooking,NO
Img_5013.jpg,cooking,NO
Img_1080.jpg,playing_violin,YES
Img_8035.jpg,looking_through_a_telescope,YES
Img_7890.jpg,fishing,NO
Img_2881.jpg,blowing_bubbles,NO
Img_4621.jpg,gardening,NO
Img_1364.jpg,running,NO
Img_3153.jpg,running,YES
Img_238.jpg,fixing_a_car,NO
Img_7887.jpg,fixing_a_bike,NO
Img_914.jpg,cutting_vegetables,YES
Img_4692.jpg,using_a_computer,NO
Img_1101.jpg,taking_photos,NO
Img_3824.jpg,looking_through_a_microscope,NO
Img_3046.jpg,looking_through_a_telescope,NO
Img_3606.jpg,feeding_a_horse,NO
Img_5422.jpg,fishing,NO
Img_8079.jpg,riding_a_bike,NO
Img_249.jpg,riding_a_horse,NO
Img_2558.jpg,throwing_frisby,YES
Img_5142.jpg,shooting_an_arrow,NO
Img_8503.jpg,riding_a_horse,NO
Img_3463.jpg,running,NO
Img_5231.jpg,cooking,NO
Img_1528.jpg,fixing_a_car,YES
Img_618.jpg,washing_dishes,NO
Img_4555.jpg,cutting_trees,NO
Img_3163.jpg,blowing_bubbles,NO
Img_2289.jpg,rowing_a_boat,NO
Img_8080.jpg,shooting_an_arrow,NO
Img_1824.jpg,shooting_an_arrow,NO
Img_6994.jpg,cleaning_the_floor,NO
Img_1321.jpg,looking_through_a_telescope,NO
Img_6111.jpg,phoning,NO
Img_1189.jpg,holding_an_umbrella,NO
Img_4932.jpg,climbing,NO
Img_4487.jpg,cooking,YES
Img_4802.jpg,riding_a_horse,NO
Img_8719.jpg,running,YES
Img_3704.jpg,holding_an_umbrella,NO
Img_6809.jpg,gardening,NO
Img_6860.jpg,blowing_bubbles,NO
Img_8078.jpg,riding_a_horse,NO
Img_7399.jpg,playing_violin,YES
Img_6023.jpg,fixing_a_car,NO
Img_6814.jpg,feeding_a_horse,NO
Img_2749.jpg,feeding_a_horse,NO
Img_7515.jpg,looking_through_a_microscope,NO
Img_6367.jpg,rowing_a_boat,NO
Img_4068.jpg,riding_a_horse,NO
Img_7275.jpg,smoking,YES
Img_1910.jpg,feeding_a_horse,YES
Img_1775.jpg,running,NO
Img_2878.jpg,riding_a_horse,NO
Img_5375.jpg,pouring_liquid,YES
Img_8441.jpg,phoning,NO
Img_5217.jpg,cooking,NO
Img_1046.jpg,texting_message,YES
Img_8348.jpg,waving_hands,NO
Img_3339.jpg,rowing_a_boat,NO
Img_6948.jpg,walking_the_dog,YES
Img_581.jpg,playing_violin,NO
Img_1293.jpg,holding_an_umbrella,YES
Img_5177.jpg,feeding_a_horse,NO
Img_7429.jpg,climbing,NO
Img_3420.jpg,cooking,NO
Img_6464.jpg,throwing_frisby,YES
Img_9117.jpg,brushing_teeth,NO
Img_7068.jpg,looking_through_a_telescope,NO
Img_7642.jpg,throwing_frisby,NO
Img_6967.jpg,watching_TV,NO
Img_3206.jpg,applauding,YES
Img_6348.jpg,riding_a_bike,NO
Img_3836.jpg,washing_dishes,NO
Img_7188.jpg,writing_on_a_board,NO
Img_7803.jpg,writing_on_a_book,YES
Img_7083.jpg,reading,NO
Img_2247.jpg,rowing_a_boat,NO
Img_6724.jpg,looking_through_a_telescope,NO
Img_8917.jpg,shooting_an_arrow,YES
Img_4453.jpg,cutting_trees,NO
Img_6885.jpg,cutting_trees,NO
Img_83.jpg,pushing_a_cart,YES
Img_2185.jpg,throwing_frisby,NO
Img_5744.jpg,jumping,NO
Img_5887.jpg,jumping,NO
Img_1916.jpg,cooking,YES
Img_8956.jpg,fishing,NO
Img_8112.jpg,watching_TV,YES
Img_1564.jpg,fixing_a_car,NO
Img_156.jpg,phoning,NO
Img_7074.jpg,cutting_trees,NO
Img_4089.jpg,cooking,YES
Img_143.jpg,gardening,NO
Img_3772.jpg,cooking,YES
Img_3883.jpg,playing_violin,NO
Img_8703.jpg,looking_through_a_microscope,NO
Img_9470.jpg,walking_the_dog,YES
Img_7971.jpg,fixing_a_bike,YES
Img_8748.jpg,fishing,YES
Img_2085.jpg,cooking,NO
Img_1645.jpg,taking_photos,YES
Img_3641.jpg,walking_the_dog,YES
Img_2778.jpg,gardening,NO
Img_6078.jpg,texting_message,YES
Img_6311.jpg,waving_hands,YES
Img_6469.jpg,drinking,NO
Img_2524.jpg,walking_the_dog,NO
Img_4769.jpg,cooking,YES
Img_6919.jpg,cooking,YES
Img_8616.jpg,jumping,NO
Img_7484.jpg,riding_a_bike,NO
Img_8421.jpg,jumping,NO
Img_8019.jpg,walking_the_dog,NO
Img_610.jpg,walking_the_dog,NO
Img_8209.jpg,fishing,NO
Img_2083.jpg,looking_through_a_telescope,NO
Img_564.jpg,jumping,YES
Img_4276.jpg,feeding_a_horse,NO
Img_5624.jpg,rowing_a_boat,NO
Img_8529.jpg,reading,NO
Img_8161.jpg,reading,NO
Img_9525.jpg,jumping,NO
Img_5537.jpg,pushing_a_cart,YES
Img_191.jpg,watching_TV,YES
Img_2416.jpg,fixing_a_car,NO
Img_415.jpg,phoning,NO
Img_1411.jpg,running,YES
Img_6662.jpg,watching_TV,YES
Img_996.jpg,riding_a_bike,NO
Img_8047.jpg,using_a_computer,NO
Img_8850.jpg,reading,YES
Img_770.jpg,fixing_a_bike,NO
Img_8919.jpg,holding_an_umbrella,YES
Img_1124.jpg,drinking,NO
Img_1711.jpg,throwing_frisby,YES
Img_7854.jpg,throwing_frisby,NO
Img_3487.jpg,feeding_a_horse,YES
Img_8566.jpg,cutting_vegetables,NO
Img_6807.jpg,waving_hands,YES
Img_3711.jpg,playing_violin,NO
Img_8593.jpg,using_a_computer,NO
Img_8662.jpg,brushing_teeth,NO
Img_7664.jpg,drinking,NO
Img_2292.jpg,writing_on_a_board,NO
Img_5211.jpg,drinking,NO
Img_8469.jpg,applauding,NO
Img_302.jpg,rowing_a_boat,NO
Img_4246.jpg,walking_the_dog,NO
Img_3885.jpg,running,NO
Img_4139.jpg,reading,NO
Img_8968.jpg,shooting_an_arrow,YES
Img_1414.jpg,cutting_vegetables,YES
Img_5306.jpg,throwing_frisby,YES
Img_6476.jpg,looking_through_a_telescope,NO
Img_6091.jpg,drinking,YES
Img_7577.jpg,rowing_a_boat,NO
Img_5442.jpg,throwing_frisby,NO
Img_497.jpg,using_a_computer,NO
Img_9032.jpg,applauding,YES
Img_8890.jpg,drinking,NO
Img_3840.jpg,phoning,NO
Img_9029.jpg,applauding,NO
Img_2618.jpg,walking_the_dog,NO
Img_2409.jpg,playing_violin,NO
Img_4086.jpg,cooking,YES
Img_3930.jpg,holding_an_umbrella,YES
Img_8651.jpg,looking_through_a_microscope,NO
Img_3289.jpg,rowing_a_boat,NO
Img_6257.jpg,blowing_bubbles,NO
Img_5283.jpg,cooking,YES
Img_765.jpg,cooking,NO
Img_477.jpg,rowing_a_boat,NO
Img_8299.jpg,blowing_bubbles,NO
Img_1439.jpg,walking_the_dog,NO
Img_8261.jpg,throwing_frisby,NO
Img_6350.jpg,phoning,NO
Img_5210.jpg,jumping,NO
Img_2237.jpg,texting_message,NO
Img_1365.jpg,jumping,NO
Img_49.jpg,running,YES
Img_985.jpg,riding_a_horse,NO
Img_2994.jpg,blowing_bubbles,NO
Img_6789.jpg,gardening,NO
Img_1790.jpg,playing_violin,NO
Img_4614.jpg,cooking,YES
Img_5858.jpg,playing_violin,NO
Img_637.jpg,walking_the_dog,NO
Img_2303.jpg,running,NO
Img_5698.jpg,fixing_a_bike,NO
Img_4421.jpg,reading,NO
Img_6777.jpg,looking_through_a_microscope,NO
Img_2951.jpg,throwing_frisby,NO
Img_1656.jpg,playing_guitar,NO
Img_3573.jpg,fishing,NO
Img_1889.jpg,climbing,NO
Img_7180.jpg,looking_through_a_microscope,NO
Img_7629.jpg,feeding_a_horse,YES
Img_3587.jpg,pushing_a_cart,NO
Img_6416.jpg,fixing_a_bike,NO
Img_5174.jpg,jumping,NO
Img_5474.jpg,waving_hands,YES
Img_4192.jpg,gardening,NO
Img_814.jpg,writing_on_a_board,NO
Img_3143.jpg,gardening,YES
Img_5989.jpg,drinking,YES
Img_5488.jpg,riding_a_bike,NO
Img_9409.jpg,looking_through_a_microscope,NO
Img_227.jpg,looking_through_a_microscope,YES
Img_6164.jpg,fixing_a_car,NO
Img_3271.jpg,fishing,NO
Img_4019.jpg,smoking,NO
Img_1064.jpg,blowing_bubbles,NO
Img_5030.jpg,shooting_an_arrow,YES
Img_4138.jpg,reading,NO
Img_3403.jpg,looking_through_a_telescope,NO
Img_2163.jpg,looking_through_a_telescope,YES
Img_788.jpg,shooting_an_arrow,YES
Img_3593.jpg,shooting_an_arrow,NO
Img_1768.jpg,watching_TV,YES
Img_8592.jpg,holding_an_umbrella,YES
Img_3954.jpg,using_a_computer,YES
Img_9289.jpg,fishing,YES
Img_2195.jpg,watching_TV,NO
Img_3418.jpg,fixing_a_car,NO
Img_57.jpg,writing_on_a_board,NO
Img_8920.jpg,walking_the_dog,YES
Img_811.jpg,shooting_an_arrow,NO
Img_5333.jpg,fixing_a_car,NO
Img_4016.jpg,riding_a_bike,NO
Img_1708.jpg,cutting_vegetables,NO
Img_5400.jpg,riding_a_horse,NO
Img_6608.jpg,fixing_a_car,NO
Img_4615.jpg,reading,NO
Img_1169.jpg,gardening,NO
Img_475.jpg,cleaning_the_floor,NO
Img_281.jpg,blowing_bubbles,NO
Img_7519.jpg,cooking,NO
Img_1065.jpg,climbing,NO
Img_3976.jpg,blowing_bubbles,NO
Img_5564.jpg,phoning,NO
Img_2148.jpg,using_a_computer,NO
Img_8969.jpg,running,NO
Img_5466.jpg,smoking,YES
Img_5735.jpg,walking_the_dog,YES
Img_1868.jpg,shooting_an_arrow,YES
Img_7871.jpg,feeding_a_horse,NO
Img_5856.jpg,phoning,NO
Img_2757.jpg,cooking,YES
Img_3956.jpg,phoning,NO
Img_9319.jpg,walking_the_dog,NO
Img_8090.jpg,looking_through_a_telescope,NO
Img_3085.jpg,feeding_a_horse,NO
Img_2419.jpg,throwing_frisby,NO
Img_6392.jpg,feeding_a_horse,NO
Img_5172.jpg,smoking,NO
Img_3407.jpg,rowing_a_boat,NO
Img_4607.jpg,riding_a_bike,NO
Img_6582.jpg,walking_the_dog,NO
Img_4109.jpg,writing_on_a_book,NO
Img_7466.jpg,cutting_vegetables,NO
Img_9339.jpg,looking_through_a_telescope,NO
Img_1356.jpg,holding_an_umbrella,NO
Img_6352.jpg,climbing,NO
Img_5088.jpg,fixing_a_bike,NO
Img_9212.jpg,cutting_vegetables,NO
Img_5668.jpg,playing_violin,YES
Img_1670.jpg,writing_on_a_board,NO
Img_2835.jpg,washing_dishes,YES
Img_8744.jpg,fixing_a_car,NO
Img_5770.jpg,smoking,NO
Img_5040.jpg,blowing_bubbles,YES
Img_2144.jpg,writing_on_a_book,NO
Img_8001.jpg,waving_hands,NO
Img_3147.jpg,fixing_a_bike,NO
Img_5080.jpg,cooking,NO
Img_324.jpg,texting_message,NO
Img_5946.jpg,fixing_a_car,NO
Img_9441.jpg,writing_on_a_book,YES
Img_8625.jpg,cooking,YES
Img_6990.jpg,gardening,NO
Img_6243.jpg,running,NO
Img_1121.jpg,climbing,NO
Img_1829.jpg,brushing_teeth,NO
Img_8024.jpg,smoking,NO
Img_3715.jpg,walking_the_dog,NO
Img_8680.jpg,smoking,NO
Img_2373.jpg,blowing_bubbles,NO
Img_8433.jpg,playing_violin,NO
Img_6935.jpg,blowing_bubbles,NO
Img_6970.jpg,writing_on_a_board,NO
Img_5677.jpg,applauding,NO
Img_8653.jpg,pushing_a_cart,NO
Img_8761.jpg,cooking,NO
Img_917.jpg,rowing_a_boat,NO
Img_8519.jpg,running,NO
Img_671.jpg,applauding,YES
Img_8673.jpg,cleaning_the_floor,YES
Img_4674.jpg,cleaning_the_floor,NO
Img_9446.jpg,texting_message,NO
Img_3964.jpg,using_a_computer,NO
Img_8321.jpg,cutting_vegetables,NO
Img_2544.jpg,walking_the_dog,NO
Img_1171.jpg,phoning,YES
Img_1745.jpg,cooking,NO
Img_7737.jpg,applauding,YES
Img_4406.jpg,gardening,NO
Img_6751.jpg,fixing_a_bike,NO
Img_5130.jpg,fixing_a_bike,NO
Img_4021.jpg,climbing,NO
Img_6956.jpg,cleaning_the_floor,NO
Img_4681.jpg,playing_violin,NO
Img_2656.jpg,cutting_trees,NO
Img_5455.jpg,cutting_trees,NO
Img_2504.jpg,fixing_a_bike,YES
Img_3439.jpg,riding_a_horse,YES
Img_5863.jpg,reading,NO
Img_424.jpg,fishing,NO
Img_3235.jpg,applauding,NO
Img_1394.jpg,throwing_frisby,NO
Img_1196.jpg,using_a_computer,NO
Img_7036.jpg,texting_message,YES
Img_3266.jpg,drinking,NO
Img_1457.jpg,cleaning_the_floor,NO
Img_1891.jpg,drinking,YES
Img_9448.jpg,applauding,YES
Img_7224.jpg,walking_the_dog,NO
Img_5692.jpg,fixing_a_car,NO
Img_504.jpg,fishing,NO
Img_7015.jpg,applauding,NO
Img_7301.jpg,applauding,YES
Img_2111.jpg,jumping,NO
Img_8117.jpg,fixing_a_car,NO
Img_2987.jpg,using_a_computer,NO
Img_4370.jpg,rowing_a_boat,NO
Img_5860.jpg,feeding_a_horse,NO
Img_4558.jpg,fixing_a_car,NO
Img_1314.jpg,taking_photos,NO
Img_5491.jpg,phoning,NO
Img_5603.jpg,holding_an_umbrella,NO
Img_4446.jpg,riding_a_horse,NO
Img_8331.jpg,holding_an_umbrella,NO
Img_5774.jpg,looking_through_a_telescope,YES
Img_4739.jpg,drinking,NO
Img_4181.jpg,walking_the_dog,NO
Img_1544.jpg,taking_photos,YES
Img_6693.jpg,applauding,YES
Img_1055.jpg,rowing_a_boat,NO
Img_7509.jpg,watching_TV,NO
Img_4875.jpg,blowing_bubbles,YES
Img_2226.jpg,watching_TV,NO
Img_8128.jpg,throwing_frisby,NO
Img_1320.jpg,gardening,NO
Img_4691.jpg,riding_a_bike,YES
Img_926.jpg,gardening,NO
Img_6756.jpg,applauding,YES
Img_5580.jpg,playing_violin,NO
Img_6487.jpg,brushing_teeth,NO
Img_5116.jpg,applauding,NO
Img_4300.jpg,writing_on_a_board,NO
Img_3842.jpg,pouring_liquid,YES
Img_2117.jpg,brushing_teeth,NO
Img_1851.jpg,feeding_a_horse,NO
Img_4378.jpg,taking_photos,NO
Img_8122.jpg,rowing_a_boat,NO
Img_8178.jpg,holding_an_umbrella,NO
Img_7420.jpg,looking_through_a_microscope,NO
Img_6262.jpg,rowing_a_boat,NO
Img_7051.jpg,fixing_a_bike,NO
Img_8867.jpg,looking_through_a_telescope,NO
Img_8400.jpg,running,NO
Img_3984.jpg,watching_TV,YES
Img_501.jpg,pushing_a_cart,NO
Img_1635.jpg,fishing,NO
Img_8276.jpg,playing_violin,NO
Img_3409.jpg,playing_violin,NO
Img_9091.jpg,phoning,NO
Img_5297.jpg,writing_on_a_board,NO
Img_2415.jpg,shooting_an_arrow,NO
Img_8204.jpg,looking_through_a_microscope,YES
Img_8356.jpg,cooking,NO
Img_6895.jpg,using_a_computer,NO
Img_1498.jpg,jumping,NO
Img_6560.jpg,drinking,NO
Img_3613.jpg,fixing_a_bike,NO
Img_3073.jpg,fishing,NO
Img_8005.jpg,cooking,YES
Img_4677.jpg,cleaning_the_floor,NO
Img_8700.jpg,taking_photos,NO
Img_4543.jpg,brushing_teeth,NO
Img_8270.jpg,smoking,YES
Img_7760.jpg,feeding_a_horse,YES
Img_734.jpg,shooting_an_arrow,YES
Img_1769.jpg,rowing_a_boat,NO
Img_2582.jpg,washing_dishes,YES
Img_3494.jpg,fishing,NO
Img_2574.jpg,writing_on_a_book,NO
Img_3182.jpg,applauding,NO
Img_1903.jpg,gardening,NO
Img_6732.jpg,fixing_a_car,YES
Img_7270.jpg,throwing_frisby,YES
Img_1029.jpg,riding_a_horse,NO
Img_3951.jpg,drinking,NO
Img_675.jpg,cutting_trees,NO
Img_7679.jpg,running,YES
Img_8060.jpg,reading,NO
Img_4294.jpg,throwing_frisby,YES
Img_7409.jpg,running,YES
Img_67.jpg,jumping,NO
Img_3500.jpg,cutting_trees,YES
Img_6317.jpg,fixing_a_bike,YES
Img_7853.jpg,looking_through_a_microscope,YES
Img_7235.jpg,phoning,NO
Img_5146.jpg,blowing_bubbles,NO
Img_7069.jpg,fixing_a_bike,NO
Img_3569.jpg,writing_on_a_book,YES
Img_175.jpg,blowing_bubbles,NO
Img_6565.jpg,watching_TV,YES
Img_7551.jpg,cleaning_the_floor,NO
Img_2758.jpg,waving_hands,NO
Img_3992.jpg,writing_on_a_board,NO
Img_9484.jpg,playing_guitar,NO
Img_8970.jpg,reading,NO
Img_2903.jpg,applauding,YES
Img_7456.jpg,pushing_a_cart,NO
Img_2204.jpg,rowing_a_boat,NO
Img_5922.jpg,walking_the_dog,NO
Img_3307.jpg,applauding,NO
Img_7027.jpg,pouring_liquid,YES
Img_2225.jpg,cooking,YES
Img_5490.jpg,climbing,NO
Img_2923.jpg,rowing_a_boat,NO
Img_3535.jpg,gardening,YES
Img_3811.jpg,running,NO
Img_2893.jpg,rowing_a_boat,NO
Img_2643.jpg,cleaning_the_floor,NO
Img_2088.jpg,pouring_liquid,YES
Img_3050.jpg,writing_on_a_board,NO
Img_1944.jpg,feeding_a_horse,YES
Img_1744.jpg,taking_photos,YES
Img_9169.jpg,pushing_a_cart,NO
Img_1733.jpg,fixing_a_car,NO
Img_1239.jpg,washing_dishes,NO
Img_7786.jpg,gardening,NO
Img_4060.jpg,watching_TV,NO
Img_7943.jpg,riding_a_bike,NO
Img_3144.jpg,cooking,YES
Img_9391.jpg,looking_through_a_telescope,NO
Img_620.jpg,fixing_a_car,NO
Img_1381.jpg,waving_hands,YES
Img_4853.jpg,cutting_trees,NO
Img_7018.jpg,washing_dishes,NO
Img_3818.jpg,smoking,YES
Img_7447.jpg,holding_an_umbrella,NO
Img_5224.jpg,reading,NO
Img_5229.jpg,cooking,YES
Img_4709.jpg,pouring_liquid,YES
Img_1273.jpg,fixing_a_bike,YES
Img_7528.jpg,feeding_a_horse,NO
Img_8967.jpg,fishing,NO
Img_5930.jpg,fixing_a_bike,NO
Img_6604.jpg,waving_hands,YES
Img_6883.jpg,rowing_a_boat,NO
Img_8156.jpg,using_a_computer,YES
Img_6329.jpg,drinking,NO
Img_2030.jpg,feeding_a_horse,NO
Img_1083.jpg,phoning,NO
Img_5958.jpg,playing_violin,YES
Img_7179.jpg,throwing_frisby,YES
Img_6535.jpg,reading,NO
Img_3476.jpg,blowing_bubbles,YES
Img_721.jpg,cutting_trees,NO
Img_1476.jpg,playing_guitar,YES
Img_2130.jpg,brushing_teeth,NO
Img_5363.jpg,riding_a_bike,NO
Img_822.jpg,holding_an_umbrella,YES
Img_5925.jpg,using_a_computer,NO
Img_2616.jpg,riding_a_bike,YES
Img_9380.jpg,blowing_bubbles,NO
Img_4863.jpg,playing_guitar,NO
Img_496.jpg,fishing,NO
Img_3876.jpg,shooting_an_arrow,NO
Img_3450.jpg,jumping,NO
Img_7617.jpg,running,NO
Img_2972.jpg,shooting_an_arrow,NO
Img_1472.jpg,pushing_a_cart,NO
Img_2166.jpg,running,NO
Img_8063.jpg,holding_an_umbrella,YES
Img_7739.jpg,walking_the_dog,NO
Img_7675.jpg,cooking,NO
Img_8534.jpg,reading,YES
Img_6234.jpg,cutting_trees,NO
Img_5372.jpg,fixing_a_car,YES
Img_1021.jpg,drinking,NO
Img_4647.jpg,looking_through_a_microscope,YES
Img_1492.jpg,shooting_an_arrow,NO
Img_4471.jpg,cooking,YES
Img_3071.jpg,throwing_frisby,NO
Img_6575.jpg,climbing,NO
Img_2334.jpg,fixing_a_bike,NO
Img_9085.jpg,running,NO
Img_1575.jpg,taking_photos,YES
Img_8646.jpg,running,NO
Img_5830.jpg,jumping,NO
Img_4210.jpg,walking_the_dog,NO
Img_3911.jpg,brushing_teeth,NO
Img_7218.jpg,jumping,YES
Img_8527.jpg,applauding,YES
Img_4185.jpg,shooting_an_arrow,YES
Img_512.jpg,riding_a_horse,NO
Img_9295.jpg,shooting_an_arrow,YES
Img_4575.jpg,smoking,YES
Img_898.jpg,fixing_a_car,NO
Img_7398.jpg,writing_on_a_book,YES
Img_7910.jpg,writing_on_a_board,YES
Img_1800.jpg,rowing_a_boat,NO
Img_514.jpg,running,YES
Img_7230.jpg,cutting_trees,YES
Img_1529.jpg,playing_guitar,NO
Img_3586.jpg,cleaning_the_floor,YES
Img_8327.jpg,drinking,NO
Img_1304.jpg,throwing_frisby,NO
Img_3879.jpg,gardening,NO
Img_5003.jpg,pouring_liquid,YES
Img_7855.jpg,applauding,YES
Img_6639.jpg,gardening,NO
Img_8573.jpg,fixing_a_bike,YES
Img_6882.jpg,texting_message,YES
Img_6414.jpg,cleaning_the_floor,NO
Img_5739.jpg,reading,NO
Img_4310.jpg,brushing_teeth,YES
Img_9175.jpg,riding_a_bike,YES
Img_4537.jpg,looking_through_a_telescope,NO
Img_2479.jpg,gardening,NO
Img_677.jpg,pushing_a_cart,NO
Img_697.jpg,feeding_a_horse,NO
Img_1849.jpg,cleaning_the_floor,NO
Img_6347.jpg,fixing_a_bike,NO
Img_5341.jpg,fixing_a_car,NO
Img_7159.jpg,cleaning_the_floor,NO
Img_5955.jpg,cleaning_the_floor,NO
Img_7239.jpg,fixing_a_car,YES
Img_2064.jpg,looking_through_a_microscope,NO
Img_9388.jpg,pouring_liquid,YES
Img_7359.jpg,reading,NO
Img_2981.jpg,cleaning_the_floor,NO
Img_2256.jpg,watching_TV,NO
Img_4027.jpg,fishing,NO
Img_2344.jpg,climbing,NO
Img_7364.jpg,fixing_a_bike,NO
Img_6294.jpg,shooting_an_arrow,YES
Img_250.jpg,fishing,NO
Img_2382.jpg,cutting_trees,NO
Img_2308.jpg,riding_a_horse,NO
Img_2244.jpg,watching_TV,YES
Img_4360.jpg,cleaning_the_floor,NO
Img_1135.jpg,playing_guitar,NO
Img_2777.jpg,walking_the_dog,NO
Img_7378.jpg,holding_an_umbrella,NO
Img_2971.jpg,fixing_a_car,NO
Img_7696.jpg,jumping,NO
Img_895.jpg,watching_TV,NO
Img_7020.jpg,brushing_teeth,NO
Img_3874.jpg,cutting_trees,NO
Img_1778.jpg,writing_on_a_book,YES
Img_2988.jpg,cooking,YES
Img_6861.jpg,fixing_a_bike,YES
Img_6378.jpg,fishing,NO
Img_4379.jpg,jumping,NO
Img_696.jpg,fixing_a_car,NO
Img_8374.jpg,playing_violin,NO
Img_6925.jpg,cleaning_the_floor,NO
Img_660.jpg,taking_photos,NO
Img_910.jpg,riding_a_bike,NO
Img_1272.jpg,cooking,YES
Img_1707.jpg,throwing_frisby,YES
Img_2059.jpg,pushing_a_cart,YES
Img_5726.jpg,cutting_vegetables,NO
Img_8084.jpg,running,NO
Img_1552.jpg,pouring_liquid,YES
Img_3932.jpg,walking_the_dog,NO
Img_8370.jpg,riding_a_bike,NO
Img_7597.jpg,watching_TV,YES
Img_630.jpg,writing_on_a_book,YES
Img_798.jpg,cleaning_the_floor,NO
Img_2819.jpg,cleaning_the_floor,YES
Img_3362.jpg,feeding_a_horse,NO
Img_8050.jpg,fixing_a_bike,YES
Img_8292.jpg,phoning,YES
Img_7947.jpg,cleaning_the_floor,YES
Img_8096.jpg,brushing_teeth,YES
Img_5728.jpg,holding_an_umbrella,YES
Img_4174.jpg,gardening,NO
Img_3149.jpg,pouring_liquid,YES
Img_964.jpg,playing_guitar,NO
Img_2475.jpg,walking_the_dog,NO
Img_3100.jpg,gardening,NO
Img_9047.jpg,watching_TV,YES
Img_1389.jpg,brushing_teeth,NO
Img_1510.jpg,running,NO
Img_5373.jpg,cooking,NO
Img_4104.jpg,jumping,NO
Img_3906.jpg,reading,NO
Img_4507.jpg,climbing,NO
Img_1595.jpg,climbing,YES
Img_2926.jpg,cooking,NO
Img_3241.jpg,fixing_a_bike,NO
Img_7098.jpg,blowing_bubbles,NO
Img_4742.jpg,throwing_frisby,YES
Img_2993.jpg,writing_on_a_book,YES
Img_3351.jpg,pushing_a_cart,YES
Img_4572.jpg,reading,YES
Img_3829.jpg,taking_photos,NO
Img_4035.jpg,drinking,YES
Img_7966.jpg,cooking,YES
Img_4274.jpg,using_a_computer,NO
Img_505.jpg,fixing_a_car,NO
Img_2773.jpg,washing_dishes,NO
Img_5804.jpg,using_a_computer,NO
Img_1323.jpg,washing_dishes,NO
Img_6769.jpg,throwing_frisby,NO
Img_5325.jpg,holding_an_umbrella,NO
Img_8425.jpg,running,NO
Img_6382.jpg,pouring_liquid,NO
Img_4898.jpg,feeding_a_horse,NO
Img_4872.jpg,riding_a_horse,YES
Img_3253.jpg,brushing_teeth,NO
Img_9163.jpg,phoning,NO
Img_6621.jpg,cleaning_the_floor,NO
Img_3533.jpg,blowing_bubbles,YES
Img_3059.jpg,waving_hands,NO
Img_1946.jpg,rowing_a_boat,NO
Img_7930.jpg,cooking,NO
Img_3199.jpg,blowing_bubbles,NO
Img_7023.jpg,texting_message,NO
Img_4178.jpg,shooting_an_arrow,NO
Img_2314.jpg,climbing,NO
Img_6893.jpg,cutting_vegetables,NO
Img_3389.jpg,cooking,YES
Img_2181.jpg,drinking,NO
Img_3121.jpg,shooting_an_arrow,YES
Img_6295.jpg,fixing_a_car,NO
Img_6590.jpg,riding_a_horse,NO
Img_4224.jpg,riding_a_bike,NO
Img_3862.jpg,applauding,YES
Img_8394.jpg,cooking,NO
Img_2933.jpg,cutting_trees,NO
Img_2753.jpg,fixing_a_car,YES
Img_4435.jpg,walking_the_dog,NO
Img_8236.jpg,playing_guitar,NO
Img_5364.jpg,shooting_an_arrow,NO
Img_8698.jpg,fixing_a_bike,NO
Img_6325.jpg,cutting_vegetables,NO
Img_5718.jpg,cleaning_the_floor,NO
Img_2868.jpg,playing_violin,NO
Img_2332.jpg,watching_TV,YES
Img_9258.jpg,writing_on_a_board,YES
Img_6910.jpg,feeding_a_horse,NO
Img_6968.jpg,pouring_liquid,YES
Img_4107.jpg,applauding,YES
Img_8408.jpg,brushing_teeth,NO
Img_4247.jpg,using_a_computer,NO
Img_2968.jpg,cooking,NO
Img_7493.jpg,fishing,NO
Img_7099.jpg,brushing_teeth,NO
Img_7511.jpg,playing_violin,NO
Img_8618.jpg,cutting_trees,NO
Img_6617.jpg,drinking,YES
Img_90.jpg,cooking,NO
Img_1399.jpg,cooking,NO
Img_7809.jpg,applauding,YES
Img_5151.jpg,cooking,YES
Img_4166.jpg,riding_a_horse,NO
Img_5901.jpg,fixing_a_bike,NO
Img_9439.jpg,throwing_frisby,NO
Img_8868.jpg,running,YES
Img_231.jpg,playing_guitar,NO
Img_3048.jpg,shooting_an_arrow,YES
Img_9275.jpg,pushing_a_cart,YES
Img_7728.jpg,texting_message,NO
Img_32.jpg,blowing_bubbles,NO
Img_2353.jpg,writing_on_a_book,YES
Img_4958.jpg,brushing_teeth,NO
Img_7857.jpg,gardening,YES
Img_7363.jpg,looking_through_a_microscope,NO
Img_4489.jpg,feeding_a_horse,NO
Img_1573.jpg,feeding_a_horse,NO
Img_2525.jpg,gardening,NO
Img_6053.jpg,phoning,NO
Img_9317.jpg,cleaning_the_floor,NO
Img_58.jpg,gardening,NO
Img_71.jpg,reading,NO
Img_6695.jpg,writing_on_a_book,NO
Img_8770.jpg,texting_message,NO
Img_6622.jpg,cooking,YES
Img_4735.jpg,playing_guitar,NO
Img_1576.jpg,applauding,YES
Img_3027.jpg,riding_a_horse,NO
Img_9408.jpg,playing_guitar,NO
Img_1061.jpg,cooking,YES
Img_4782.jpg,pouring_liquid,YES
Img_4540.jpg,phoning,NO
Img_8229.jpg,fishing,NO
Img_1695.jpg,fixing_a_bike,NO
Img_113.jpg,smoking,YES
Img_9490.jpg,gardening,YES
Img_8290.jpg,reading,NO
Img_3058.jpg,gardening,NO
Img_8726.jpg,using_a_computer,NO
Img_2675.jpg,holding_an_umbrella,NO
Img_481.jpg,riding_a_horse,NO
Img_1615.jpg,blowing_bubbles,NO
Img_7652.jpg,walking_the_dog,YES
Img_8456.jpg,applauding,YES
Img_8581.jpg,riding_a_horse,NO
Img_4541.jpg,riding_a_bike,NO
Img_7684.jpg,using_a_computer,NO
Img_1122.jpg,cutting_vegetables,NO
Img_5199.jpg,phoning,NO
Img_6005.jpg,reading,NO
Img_7320.jpg,looking_through_a_microscope,NO
Img_5139.jpg,blowing_bubbles,YES
Img_8954.jpg,playing_violin,NO
Img_6473.jpg,fixing_a_car,NO
Img_8504.jpg,jumping,NO
Img_2212.jpg,riding_a_bike,NO
Img_594.jpg,fixing_a_car,NO
Img_7459.jpg,using_a_computer,NO
Img_1555.jpg,pushing_a_cart,YES
Img_3327.jpg,throwing_frisby,NO
Img_4840.jpg,pushing_a_cart,YES
Img_3232.jpg,riding_a_bike,NO
Img_3646.jpg,blowing_bubbles,NO
Img_8855.jpg,writing_on_a_book,NO
Img_2827.jpg,writing_on_a_book,NO
Img_8594.jpg,phoning,NO
Img_958.jpg,playing_violin,YES
Img_4732.jpg,fishing,NO
Img_1710.jpg,jumping,NO
Img_1469.jpg,fishing,YES
Img_1502.jpg,fishing,NO
Img_5971.jpg,walking_the_dog,YES
Img_3638.jpg,throwing_frisby,NO
Img_7735.jpg,running,NO
Img_4029.jpg,cutting_vegetables,NO
Img_9338.jpg,cooking,YES
Img_3107.jpg,applauding,YES
Img_3620.jpg,feeding_a_horse,NO
Img_1133.jpg,gardening,NO
Img_9000.jpg,riding_a_horse,YES
Img_7756.jpg,riding_a_horse,NO
Img_3060.jpg,climbing,YES
Img_5197.jpg,writing_on_a_board,NO
Img_9002.jpg,reading,NO
Img_278.jpg,fixing_a_car,NO
Img_80.jpg,smoking,NO
Img_104.jpg,playing_violin,NO
Img_1237.jpg,playing_violin,NO
Img_6455.jpg,riding_a_bike,NO
Img_7458.jpg,texting_message,NO
Img_7681.jpg,shooting_an_arrow,YES
Img_8458.jpg,cooking,NO
Img_5586.jpg,smoking,YES
Img_6709.jpg,fishing,YES
Img_6337.jpg,climbing,NO
Img_375.jpg,smoking,NO
Img_3896.jpg,writing_on_a_board,NO
Img_5974.jpg,looking_through_a_telescope,NO
Img_5849.jpg,reading,NO
Img_6933.jpg,running,NO
Img_5092.jpg,cutting_trees,NO
Img_3023.jpg,fishing,NO
Img_9527.jpg,smoking,NO
Img_2162.jpg,pushing_a_cart,NO
Img_5822.jpg,cleaning_the_floor,NO
Img_3904.jpg,riding_a_horse,NO
Img_5526.jpg,feeding_a_horse,NO
Img_8163.jpg,writing_on_a_book,YES
Img_119.jpg,cleaning_the_floor,NO
Img_631.jpg,smoking,NO
Img_8750.jpg,throwing_frisby,NO
Img_8832.jpg,cutting_vegetables,YES
Img_9017.jpg,riding_a_bike,NO
Img_7687.jpg,writing_on_a_book,YES
Img_4041.jpg,texting_message,NO
Img_5445.jpg,drinking,YES
Img_7663.jpg,riding_a_horse,NO
Img_7353.jpg,looking_through_a_telescope,NO
Img_8325.jpg,blowing_bubbles,YES
Img_1490.jpg,pushing_a_cart,NO
Img_1433.jpg,cleaning_the_floor,NO
Img_6315.jpg,cooking,NO
Img_6701.jpg,blowing_bubbles,NO
Img_818.jpg,holding_an_umbrella,YES
Img_5472.jpg,waving_hands,YES
Img_7168.jpg,riding_a_bike,NO
Img_6602.jpg,taking_photos,YES
Img_8966.jpg,writing_on_a_board,YES
Img_5050.jpg,riding_a_horse,YES
Img_5816.jpg,applauding,YES
Img_2187.jpg,playing_violin,NO
Img_1948.jpg,throwing_frisby,NO
Img_8362.jpg,cooking,YES
Img_13.jpg,writing_on_a_board,NO
Img_3894.jpg,writing_on_a_board,NO
Img_7013.jpg,cutting_trees,NO
Img_6623.jpg,feeding_a_horse,NO
Img_205.jpg,gardening,NO
Img_7139.jpg,cooking,YES
Img_6997.jpg,reading,NO
Img_5622.jpg,texting_message,YES
Img_3589.jpg,waving_hands,NO
Img_9100.jpg,drinking,YES
Img_6271.jpg,cutting_trees,NO
Img_4216.jpg,walking_the_dog,YES
Img_1999.jpg,blowing_bubbles,YES
Img_7891.jpg,cutting_trees,NO
Img_5764.jpg,washing_dishes,NO
Img_2370.jpg,fishing,NO
Img_4159.jpg,phoning,YES
Img_7793.jpg,fixing_a_car,NO
Img_7545.jpg,running,NO
Img_4431.jpg,watching_TV,YES
Img_8359.jpg,playing_guitar,NO
Img_8560.jpg,blowing_bubbles,YES
Img_1625.jpg,cutting_vegetables,NO
Img_447.jpg,rowing_a_boat,NO
Img_3045.jpg,fixing_a_bike,NO
Img_4410.jpg,climbing,NO
Img_3287.jpg,phoning,NO
Img_2208.jpg,writing_on_a_board,NO
Img_1894.jpg,reading,NO
Img_6332.jpg,feeding_a_horse,NO
Img_6758.jpg,using_a_computer,NO
Img_1427.jpg,rowing_a_boat,NO
Img_6206.jpg,washing_dishes,NO
Img_2337.jpg,riding_a_bike,NO
Img_4535.jpg,climbing,NO
Img_7234.jpg,reading,NO
Img_2556.jpg,waving_hands,NO
Img_1729.jpg,holding_an_umbrella,YES
Img_7373.jpg,gardening,NO
Img_3186.jpg,shooting_an_arrow,NO
Img_5524.jpg,applauding,YES
Img_6092.jpg,jumping,NO
Img_3636.jpg,brushing_teeth,NO
Img_5730.jpg,applauding,YES
Img_1014.jpg,using_a_computer,YES
Img_9262.jpg,riding_a_bike,NO
Img_259.jpg,holding_an_umbrella,YES
Img_6818.jpg,cleaning_the_floor,NO
Img_6255.jpg,playing_guitar,NO
Img_288.jpg,walking_the_dog,YES
Img_2722.jpg,cutting_vegetables,NO
Img_7882.jpg,writing_on_a_board,NO
Img_8144.jpg,applauding,YES
Img_4292.jpg,cutting_trees,NO
Img_9192.jpg,feeding_a_horse,NO
Img_5811.jpg,gardening,NO
Img_6653.jpg,waving_hands,YES
Img_6224.jpg,cutting_trees,NO
Img_4385.jpg,cooking,NO
Img_5470.jpg,washing_dishes,NO
Img_2019.jpg,jumping,NO
Img_7293.jpg,cooking,YES
Img_528.jpg,texting_message,YES
Img_589.jpg,drinking,NO
Img_1044.jpg,drinking,YES
Img_3923.jpg,playing_guitar,NO
Img_6166.jpg,applauding,YES
Img_5601.jpg,smoking,NO
Img_5132.jpg,playing_guitar,NO
Img_2272.jpg,cutting_vegetables,NO
Img_2853.jpg,looking_through_a_microscope,YES
Img_1764.jpg,playing_guitar,YES
Img_1081.jpg,jumping,NO
Img_1359.jpg,jumping,NO
Img_2135.jpg,fixing_a_bike,YES
Img_2560.jpg,riding_a_bike,NO
Img_8576.jpg,smoking,NO
Img_3661.jpg,blowing_bubbles,YES
Img_341.jpg,applauding,YES
Img_5997.jpg,riding_a_bike,NO
Img_3667.jpg,washing_dishes,NO
Img_4590.jpg,holding_an_umbrella,YES
Img_4940.jpg,taking_photos,YES
Img_7210.jpg,fixing_a_car,NO
Img_1473.jpg,smoking,NO
Img_4661.jpg,fixing_a_bike,YES
Img_7634.jpg,gardening,NO
Img_3771.jpg,fixing_a_bike,NO
Img_2636.jpg,cutting_trees,YES
Img_7926.jpg,waving_hands,NO
Img_7651.jpg,fixing_a_car,NO
Img_553.jpg,rowing_a_boat,YES
Img_5980.jpg,reading,NO
Img_5091.jpg,fishing,NO
Img_1820.jpg,reading,NO
Img_3935.jpg,running,NO
Img_6265.jpg,riding_a_horse,YES
Img_5658.jpg,drinking,YES
Img_8322.jpg,running,NO
Img_6456.jpg,walking_the_dog,NO
Img_6847.jpg,playing_violin,NO
Img_2715.jpg,using_a_computer,YES
Img_1753.jpg,drinking,NO
Img_7670.jpg,walking_the_dog,YES
Img_931.jpg,climbing,NO
Img_5550.jpg,climbing,NO
Img_3544.jpg,walking_the_dog,NO
Img_1396.jpg,watching_TV,NO
Img_7477.jpg,running,NO
Img_4426.jpg,looking_through_a_microscope,YES
Img_4618.jpg,using_a_computer,NO
Img_5246.jpg,jumping,NO
Img_6018.jpg,running,NO
Img_2780.jpg,cooking,NO
Img_1421.jpg,gardening,NO
Img_6901.jpg,playing_guitar,YES
Img_9168.jpg,smoking,NO
Img_6774.jpg,cutting_vegetables,YES
Img_4311.jpg,fishing,YES
Img_4566.jpg,riding_a_horse,NO
Img_2046.jpg,phoning,NO
Img_6336.jpg,shooting_an_arrow,NO
Img_1597.jpg,gardening,NO
Img_8072.jpg,texting_message,YES
Img_1313.jpg,feeding_a_horse,NO
Img_6267.jpg,fixing_a_car,NO
Img_7496.jpg,throwing_frisby,YES
Img_3708.jpg,pushing_a_cart,NO
Img_9477.jpg,shooting_an_arrow,NO
Img_3488.jpg,riding_a_bike,NO
Img_2493.jpg,phoning,NO
Img_4263.jpg,fixing_a_bike,NO
Img_144.jpg,playing_guitar,NO
Img_2378.jpg,watching_TV,NO
Img_7686.jpg,writing_on_a_board,NO
Img_3722.jpg,throwing_frisby,NO
Img_36.jpg,throwing_frisby,YES
Img_1994.jpg,climbing,NO
Img_3032.jpg,looking_through_a_microscope,YES
Img_904.jpg,jumping,NO
Img_4910.jpg,brushing_teeth,NO
Img_5755.jpg,riding_a_bike,NO
Img_7873.jpg,playing_violin,NO
Img_6538.jpg,cleaning_the_floor,NO
Img_2507.jpg,looking_through_a_microscope,NO
Img_7123.jpg,gardening,NO
Img_2004.jpg,cooking,NO
Img_5655.jpg,climbing,NO
Img_2676.jpg,brushing_teeth,NO
Img_4919.jpg,phoning,NO
Img_235.jpg,applauding,YES
Img_7153.jpg,applauding,YES
Img_7374.jpg,rowing_a_boat,NO
Img_3871.jpg,throwing_frisby,NO
Img_8876.jpg,applauding,NO
Img_6213.jpg,shooting_an_arrow,YES
Img_8848.jpg,rowing_a_boat,YES
Img_9276.jpg,pushing_a_cart,YES
Img_4606.jpg,using_a_computer,NO
Img_7189.jpg,cooking,NO
Img_7112.jpg,reading,NO
Img_7186.jpg,holding_an_umbrella,YES
Img_8786.jpg,writing_on_a_book,YES
Img_6668.jpg,reading,NO
Img_7939.jpg,cooking,YES
Img_4469.jpg,drinking,NO
Img_4962.jpg,looking_through_a_microscope,YES
Img_1805.jpg,playing_violin,YES
Img_6976.jpg,riding_a_bike,NO
Img_7382.jpg,applauding,YES
Img_1789.jpg,looking_through_a_microscope,YES
Img_3361.jpg,smoking,NO
Img_3376.jpg,running,NO
Img_4229.jpg,riding_a_bike,NO
Img_6595.jpg,taking_photos,YES
Img_4151.jpg,running,NO
Img_3924.jpg,cutting_trees,NO
Img_5847.jpg,cutting_vegetables,NO
Img_3913.jpg,reading,NO
Img_5984.jpg,cooking,NO
Img_8354.jpg,looking_through_a_microscope,NO
Img_1417.jpg,running,YES
Img_181.jpg,playing_violin,YES
Img_8249.jpg,writing_on_a_board,NO
Img_3128.jpg,brushing_teeth,NO
Img_4277.jpg,throwing_frisby,NO
Img_4829.jpg,watching_TV,NO
Img_4728.jpg,running,NO
Img_2736.jpg,drinking,NO
Img_3738.jpg,cooking,YES
Img_4695.jpg,looking_through_a_microscope,YES
Img_4418.jpg,blowing_bubbles,YES
Img_7657.jpg,drinking,YES
Img_8906.jpg,walking_the_dog,YES
Img_4049.jpg,fixing_a_bike,NO
Img_641.jpg,pouring_liquid,NO
Img_9019.jpg,drinking,NO
Img_6800.jpg,climbing,NO
Img_3029.jpg,riding_a_bike,NO
Img_8599.jpg,climbing,NO
Img_3438.jpg,feeding_a_horse,NO
Img_9147.jpg,pouring_liquid,YES
Img_4779.jpg,blowing_bubbles,NO
Img_8396.jpg,riding_a_bike,NO
Img_5144.jpg,writing_on_a_board,YES
Img_1095.jpg,looking_through_a_telescope,YES
Img_8294.jpg,playing_violin,YES
Img_6832.jpg,washing_dishes,NO
Img_8525.jpg,playing_guitar,YES
Img_9092.jpg,applauding,NO
Img_6982.jpg,feeding_a_horse,NO
Img_6064.jpg,looking_through_a_telescope,NO
Img_4905.jpg,texting_message,NO
Img_7778.jpg,smoking,NO
Img_3525.jpg,reading,NO
Img_7639.jpg,feeding_a_horse,NO
Img_6203.jpg,rowing_a_boat,YES
Img_3598.jpg,blowing_bubbles,YES
Img_2128.jpg,running,NO
Img_7407.jpg,fishing,NO
Img_1041.jpg,fishing,NO
Img_7791.jpg,smoking,YES
Img_7358.jpg,running,NO
Img_8455.jpg,watching_TV,YES
Img_2521.jpg,watching_TV,YES
Img_8649.jpg,running,NO
Img_2799.jpg,running,YES
Img_9375.jpg,taking_photos,NO
Img_7832.jpg,texting_message,YES
Img_984.jpg,phoning,NO
Img_2113.jpg,washing_dishes,NO
Img_9190.jpg,looking_through_a_microscope,YES
Img_944.jpg,climbing,NO
Img_7055.jpg,reading,NO
Img_3682.jpg,fixing_a_car,NO
Img_8615.jpg,looking_through_a_microscope,NO
Img_1941.jpg,cleaning_the_floor,NO
Img_7370.jpg,using_a_computer,YES
Img_5097.jpg,cutting_trees,NO
Img_7836.jpg,blowing_bubbles,NO
Img_2805.jpg,climbing,NO
Img_7109.jpg,reading,NO
Img_1863.jpg,cooking,YES
Img_557.jpg,fixing_a_car,YES
Img_3675.jpg,smoking,NO
Img_8734.jpg,phoning,NO
Img_4444.jpg,reading,NO
Img_5767.jpg,cutting_trees,NO
Img_7852.jpg,texting_message,NO
Img_6778.jpg,pushing_a_cart,NO
Img_6983.jpg,smoking,NO
Img_2784.jpg,riding_a_horse,NO
Img_7751.jpg,blowing_bubbles,NO
Img_3295.jpg,smoking,NO
Img_5051.jpg,washing_dishes,NO
Img_137.jpg,walking_the_dog,NO
Img_351.jpg,fixing_a_bike,NO
Img_7315.jpg,pouring_liquid,YES
Img_4839.jpg,fixing_a_car,NO
Img_179.jpg,riding_a_horse,NO
Img_769.jpg,gardening,NO
Img_1885.jpg,holding_an_umbrella,NO
Img_4475.jpg,fishing,NO
Img_2035.jpg,applauding,YES
Img_6971.jpg,throwing_frisby,YES
Img_4134.jpg,throwing_frisby,YES
Img_7731.jpg,washing_dishes,NO
Img_2783.jpg,looking_through_a_telescope,NO
Img_9217.jpg,pushing_a_cart,YES
Img_5007.jpg,brushing_teeth,NO
Img_8102.jpg,rowing_a_boat,NO
Img_5443.jpg,cutting_vegetables,YES
Img_7581.jpg,holding_an_umbrella,NO
Img_3094.jpg,cooking,NO
Img_1738.jpg,jumping,NO
Img_6054.jpg,climbing,NO
Img_7517.jpg,rowing_a_boat,NO
Img_2886.jpg,feeding_a_horse,NO
Img_1369.jpg,cleaning_the_floor,NO
Img_2461.jpg,applauding,YES
Img_5950.jpg,feeding_a_horse,NO
Img_8650.jpg,smoking,NO
Img_2937.jpg,riding_a_horse,NO
Img_8865.jpg,phoning,NO
Img_7207.jpg,rowing_a_boat,NO
Img_6474.jpg,cleaning_the_floor,NO
Img_3322.jpg,watching_TV,NO
Img_3208.jpg,watching_TV,NO
Img_6204.jpg,watching_TV,YES
Img_2462.jpg,cutting_trees,NO
Img_7620.jpg,feeding_a_horse,NO
Img_6493.jpg,looking_through_a_telescope,NO
Img_7924.jpg,watching_TV,NO
Img_2559.jpg,writing_on_a_book,YES
Img_3019.jpg,playing_guitar,NO
Img_4816.jpg,cutting_vegetables,NO
Img_5195.jpg,throwing_frisby,NO
Img_2965.jpg,looking_through_a_telescope,YES
Img_94.jpg,drinking,NO
Img_2031.jpg,writing_on_a_book,NO
Img_345.jpg,fishing,NO
Img_7048.jpg,climbing,NO
Img_686.jpg,walking_the_dog,NO
Img_5465.jpg,cooking,NO
Img_8082.jpg,riding_a_horse,NO
Img_1581.jpg,cutting_vegetables,NO
Img_6342.jpg,cutting_trees,NO
Img_8751.jpg,smoking,YES
Img_2584.jpg,washing_dishes,NO
Img_4991.jpg,applauding,NO
Img_1422.jpg,taking_photos,NO
Img_491.jpg,taking_photos,NO
Img_6554.jpg,playing_guitar,NO
Img_4120.jpg,cooking,NO
Img_4587.jpg,cooking,NO
Img_7708.jpg,cleaning_the_floor,YES
Img_3540.jpg,pushing_a_cart,YES
Img_5786.jpg,using_a_computer,NO
Img_7185.jpg,using_a_computer,YES
Img_7337.jpg,fishing,NO
Img_184.jpg,cutting_vegetables,NO
Img_3133.jpg,climbing,YES
Img_920.jpg,using_a_computer,YES
Img_9094.jpg,cooking,YES
Img_7494.jpg,walking_the_dog,YES
Img_5765.jpg,playing_guitar,NO
Img_1749.jpg,shooting_an_arrow,NO
Img_747.jpg,texting_message,NO
Img_9524.jpg,cleaning_the_floor,NO
Img_9203.jpg,reading,YES
Img_1975.jpg,playing_violin,NO
Img_6440.jpg,applauding,NO
Img_2824.jpg,climbing,NO
Img_1741.jpg,phoning,NO
Img_1303.jpg,drinking,NO
Img_186.jpg,cutting_vegetables,NO
Img_7384.jpg,looking_through_a_telescope,NO
Img_4036.jpg,applauding,NO
Img_3625.jpg,riding_a_horse,NO
Img_1503.jpg,cleaning_the_floor,NO
Img_3631.jpg,riding_a_bike,NO
Img_1088.jpg,cleaning_the_floor,NO
Img_6675.jpg,drinking,YES
Img_8286.jpg,reading,YES
Img_5532.jpg,looking_through_a_telescope,YES
Img_146.jpg,brushing_teeth,YES
Img_9333.jpg,shooting_an_arrow,NO
Img_7772.jpg,phoning,NO
Img_62.jpg,riding_a_horse,YES
Img_2907.jpg,cleaning_the_floor,NO
Img_2967.jpg,pouring_liquid,NO
Img_9180.jpg,pouring_liquid,NO
Img_7162.jpg,throwing_frisby,YES
Img_2414.jpg,cleaning_the_floor,YES
Img_7806.jpg,cooking,NO
Img_372.jpg,holding_an_umbrella,YES
Img_9491.jpg,pushing_a_cart,YES
Img_157.jpg,gardening,YES
Img_7258.jpg,drinking,NO
Img_2376.jpg,using_a_computer,NO
Img_2873.jpg,cutting_trees,YES
Img_1204.jpg,gardening,YES
Img_3265.jpg,fixing_a_car,NO
Img_7952.jpg,cutting_vegetables,NO
Img_102.jpg,texting_message,YES
Img_1448.jpg,blowing_bubbles,NO
Img_5399.jpg,looking_through_a_telescope,NO
Img_541.jpg,gardening,NO
Img_6071.jpg,feeding_a_horse,NO
Img_2887.jpg,using_a_computer,NO
Img_5611.jpg,playing_violin,NO
Img_2094.jpg,holding_an_umbrella,YES
Img_810.jpg,pushing_a_cart,YES
Img_7298.jpg,cutting_trees,YES
Img_2650.jpg,jumping,NO
Img_5441.jpg,applauding,YES
Img_4381.jpg,fixing_a_bike,NO
Img_4204.jpg,holding_an_umbrella,NO
Img_6811.jpg,smoking,YES
Img_7085.jpg,writing_on_a_board,NO
Img_3434.jpg,cleaning_the_floor,YES
Img_6458.jpg,brushing_teeth,NO
Img_5056.jpg,cooking,NO
Img_4780.jpg,pouring_liquid,NO
Img_3188.jpg,cutting_trees,NO
Img_1880.jpg,jumping,YES
Img_9096.jpg,cleaning_the_floor,NO
Img_7662.jpg,fishing,NO
Img_136.jpg,cooking,YES
Img_4163.jpg,taking_photos,NO
Img_6310.jpg,cooking,NO
Img_1917.jpg,looking_through_a_telescope,YES
Img_7529.jpg,shooting_an_arrow,YES
Img_7872.jpg,climbing,NO
Img_2964.jpg,applauding,YES
Img_8197.jpg,taking_photos,NO
Img_709.jpg,cooking,NO
Img_3987.jpg,cutting_trees,NO
Img_6613.jpg,looking_through_a_telescope,YES
Img_4653.jpg,taking_photos,YES
Img_5798.jpg,running,YES
Img_7915.jpg,riding_a_bike,NO
Img_4996.jpg,fixing_a_bike,NO
Img_7352.jpg,cutting_vegetables,NO
Img_5593.jpg,cooking,YES
Img_2451.jpg,cooking,NO
Img_8812.jpg,fixing_a_car,NO
Img_3754.jpg,cutting_trees,NO
Img_2209.jpg,looking_through_a_telescope,NO
Img_1527.jpg,smoking,NO
Img_9425.jpg,riding_a_bike,YES
Img_4470.jpg,holding_an_umbrella,NO
Img_6748.jpg,shooting_an_arrow,YES
Img_5572.jpg,blowing_bubbles,NO
Img_9037.jpg,walking_the_dog,NO
Img_8300.jpg,fixing_a_car,NO
Img_2705.jpg,walking_the_dog,YES
Img_7637.jpg,shooting_an_arrow,NO
Img_1005.jpg,riding_a_horse,NO
Img_4637.jpg,using_a_computer,NO
Img_966.jpg,playing_violin,NO
Img_7763.jpg,looking_through_a_microscope,YES
Img_1822.jpg,running,YES
Img_4951.jpg,phoning,NO
Img_2787.jpg,riding_a_bike,NO
Img_6322.jpg,applauding,YES
Img_852.jpg,jumping,NO
Img_526.jpg,looking_through_a_telescope,NO
Img_2112.jpg,riding_a_horse,NO
Img_6987.jpg,rowing_a_boat,NO
Img_3471.jpg,looking_through_a_microscope,YES
Img_3833.jpg,shooting_an_arrow,NO
Img_4867.jpg,riding_a_bike,NO
Img_6624.jpg,watching_TV,YES
Img_7875.jpg,phoning,NO
Img_5113.jpg,climbing,NO
Img_7167.jpg,holding_an_umbrella,NO
Img_5681.jpg,cleaning_the_floor,NO
Img_4376.jpg,rowing_a_boat,NO
Img_4942.jpg,texting_message,NO
Img_6407.jpg,playing_violin,NO
Img_5674.jpg,writing_on_a_book,NO
Img_8575.jpg,writing_on_a_board,YES
Img_3004.jpg,running,NO
Img_1118.jpg,running,NO
Img_2840.jpg,running,YES
Img_3753.jpg,running,YES
Img_2655.jpg,looking_through_a_microscope,NO
Img_3127.jpg,taking_photos,YES
Img_3622.jpg,riding_a_bike,YES
Img_8902.jpg,climbing,NO
Img_978.jpg,pushing_a_cart,NO
Img_7959.jpg,drinking,YES
Img_6420.jpg,smoking,YES
Img_5450.jpg,smoking,NO
Img_7503.jpg,reading,NO
Img_2399.jpg,playing_violin,NO
Img_7824.jpg,climbing,NO
Img_7647.jpg,reading,NO
Img_9460.jpg,fishing,NO
Img_3254.jpg,gardening,NO
Img_534.jpg,playing_violin,NO
Img_5329.jpg,gardening,NO
Img_4209.jpg,drinking,NO
Img_296.jpg,cutting_trees,NO
Img_5871.jpg,jumping,NO
Img_8795.jpg,applauding,YES
Img_7829.jpg,pushing_a_cart,NO
Img_8824.jpg,cooking,NO
Img_1658.jpg,drinking,YES
Img_1301.jpg,jumping,NO
Img_84.jpg,cooking,YES
Img_2269.jpg,reading,YES
Img_682.jpg,brushing_teeth,NO
Img_9034.jpg,fishing,NO
Img_513.jpg,playing_violin,NO
Img_7990.jpg,gardening,NO
Img_950.jpg,cutting_trees,NO
Img_6372.jpg,blowing_bubbles,NO
Img_8885.jpg,feeding_a_horse,YES
Img_7418.jpg,drinking,NO
Img_2199.jpg,riding_a_horse,NO
Img_8570.jpg,cooking,YES
Img_758.jpg,blowing_bubbles,NO
Img_7103.jpg,texting_message,NO
Img_7615.jpg,running,NO
Img_1898.jpg,watching_TV,NO
Img_2072.jpg,cleaning_the_floor,NO
Img_4061.jpg,writing_on_a_book,YES
Img_8623.jpg,cutting_trees,NO
Img_3326.jpg,running,NO
Img_1987.jpg,washing_dishes,NO
Img_5589.jpg,cutting_vegetables,NO
Img_1228.jpg,jumping,NO
Img_3433.jpg,running,NO
Img_1988.jpg,gardening,NO
Img_7096.jpg,blowing_bubbles,NO
Img_989.jpg,holding_an_umbrella,NO
Img_3575.jpg,writing_on_a_board,NO
Img_7575.jpg,playing_violin,NO
Img_7539.jpg,fishing,NO
Img_9309.jpg,pushing_a_cart,YES
Img_6024.jpg,playing_violin,NO
Img_445.jpg,gardening,NO
Img_4902.jpg,using_a_computer,NO
Img_7680.jpg,cutting_trees,NO
Img_6482.jpg,cooking,YES
Img_9179.jpg,cutting_vegetables,NO
Img_6753.jpg,playing_violin,YES
Img_4393.jpg,feeding_a_horse,NO
Img_6726.jpg,walking_the_dog,NO
Img_1767.jpg,using_a_computer,NO
Img_5534.jpg,jumping,NO
Img_1407.jpg,looking_through_a_microscope,NO
Img_3340.jpg,pushing_a_cart,NO
Img_6327.jpg,cooking,NO
Img_2101.jpg,writing_on_a_book,YES
Img_848.jpg,applauding,YES
Img_6722.jpg,looking_through_a_microscope,NO
Img_4129.jpg,gardening,YES
Img_4920.jpg,riding_a_bike,NO
Img_5680.jpg,washing_dishes,NO
Img_8589.jpg,walking_the_dog,NO
Img_1200.jpg,waving_hands,NO
Img_1970.jpg,applauding,YES
Img_6442.jpg,gardening,YES
Img_3432.jpg,writing_on_a_book,NO
Img_8409.jpg,running,NO
Img_6384.jpg,looking_through_a_telescope,YES
Img_7047.jpg,fishing,NO
Img_6690.jpg,cooking,NO
Img_4838.jpg,shooting_an_arrow,NO
Img_8743.jpg,cooking,NO
Img_4040.jpg,cutting_vegetables,NO
Img_3621.jpg,watching_TV,NO
Img_3504.jpg,gardening,YES
Img_869.jpg,climbing,NO
Img_8243.jpg,cooking,YES
Img_2058.jpg,using_a_computer,YES
Img_1090.jpg,writing_on_a_book,NO
Img_6238.jpg,writing_on_a_board,YES
Img_339.jpg,applauding,YES
Img_2515.jpg,holding_an_umbrella,YES
Img_1089.jpg,throwing_frisby,NO
Img_8382.jpg,fishing,NO
Img_3660.jpg,watching_TV,YES
Img_648.jpg,cutting_vegetables,NO
Img_6552.jpg,throwing_frisby,YES
Img_7472.jpg,drinking,NO
Img_8500.jpg,shooting_an_arrow,NO
Img_8938.jpg,looking_through_a_telescope,NO
Img_532.jpg,cleaning_the_floor,NO
Img_4851.jpg,cutting_vegetables,NO
Img_2955.jpg,phoning,NO
Img_4682.jpg,riding_a_horse,YES
Img_5591.jpg,walking_the_dog,YES
Img_7026.jpg,drinking,NO
Img_2686.jpg,running,NO
Img_3292.jpg,throwing_frisby,YES
Img_8660.jpg,riding_a_bike,NO
Img_8952.jpg,looking_through_a_microscope,YES
Img_2317.jpg,fixing_a_bike,NO
Img_2484.jpg,blowing_bubbles,NO
Img_5581.jpg,riding_a_bike,NO
Img_9104.jpg,using_a_computer,NO
Img_7421.jpg,running,YES
Img_2255.jpg,shooting_an_arrow,NO
Img_3845.jpg,cutting_trees,NO
Img_1110.jpg,shooting_an_arrow,YES
Img_5004.jpg,riding_a_horse,NO
Img_4165.jpg,fishing,NO
Img_8364.jpg,gardening,YES
Img_8147.jpg,cutting_trees,NO
Img_2892.jpg,gardening,NO
Img_1386.jpg,applauding,YES
Img_1958.jpg,feeding_a_horse,NO
Img_7272.jpg,feeding_a_horse,NO
Img_1697.jpg,watching_TV,YES
Img_8574.jpg,playing_violin,YES
Img_5294.jpg,applauding,NO
Img_2281.jpg,gardening,YES
Img_4373.jpg,playing_guitar,NO
Img_9442.jpg,looking_through_a_telescope,YES
Img_9450.jpg,cutting_trees,NO
Img_7591.jpg,cooking,YES
Img_118.jpg,writing_on_a_book,YES
Img_2637.jpg,drinking,YES
Img_2889.jpg,riding_a_bike,YES
Img_3358.jpg,cleaning_the_floor,NO
Img_1758.jpg,brushing_teeth,NO
Img_4126.jpg,jumping,NO
Img_6896.jpg,holding_an_umbrella,NO
Img_4746.jpg,gardening,NO
Img_1392.jpg,throwing_frisby,NO
Img_4413.jpg,fixing_a_car,YES
Img_3774.jpg,looking_through_a_telescope,NO
Img_6518.jpg,cooking,NO
Img_4228.jpg,blowing_bubbles,NO
Img_4941.jpg,fishing,NO
Img_4564.jpg,jumping,NO
Img_7920.jpg,fixing_a_car,YES
Img_2668.jpg,drinking,NO
Img_280.jpg,cutting_vegetables,NO
Img_4819.jpg,phoning,NO
Img_2053.jpg,texting_message,NO
Img_7635.jpg,cutting_trees,NO
Img_9256.jpg,writing_on_a_board,NO
Img_5136.jpg,watching_TV,NO
Img_859.jpg,fishing,NO
Img_9512.jpg,looking_through_a_telescope,YES
Img_8533.jpg,fixing_a_car,YES
Img_4713.jpg,washing_dishes,NO
Img_7355.jpg,applauding,YES
Img_6517.jpg,brushing_teeth,NO
Img_7716.jpg,shooting_an_arrow,NO
Img_6385.jpg,blowing_bubbles,NO
Img_2390.jpg,jumping,NO
Img_6698.jpg,playing_guitar,NO
Img_2693.jpg,pouring_liquid,YES
Img_8262.jpg,playing_violin,NO
Img_2615.jpg,pouring_liquid,NO
Img_5267.jpg,playing_violin,NO
Img_5467.jpg,cutting_vegetables,YES
Img_7338.jpg,running,NO
Img_847.jpg,running,NO
Img_5549.jpg,fixing_a_car,YES
Img_9412.jpg,texting_message,YES
Img_214.jpg,feeding_a_horse,NO
Img_8817.jpg,fixing_a_car,NO
Img_4552.jpg,reading,NO
Img_5055.jpg,applauding,NO
Img_3788.jpg,watching_TV,YES
Img_5560.jpg,fixing_a_bike,NO
Img_5433.jpg,riding_a_horse,NO
Img_4613.jpg,jumping,NO
Img_4586.jpg,shooting_an_arrow,NO
Img_7241.jpg,cleaning_the_floor,NO
Img_2721.jpg,watching_TV,YES
Img_1530.jpg,fishing,NO
Img_993.jpg,writing_on_a_board,NO
Img_5781.jpg,brushing_teeth,NO
Img_2789.jpg,riding_a_horse,NO
Img_5385.jpg,running,YES
Img_8814.jpg,writing_on_a_board,NO
Img_8909.jpg,fishing,NO
Img_81.jpg,gardening,NO
Img_3391.jpg,fixing_a_car,YES
Img_9248.jpg,cooking,NO
Img_933.jpg,fixing_a_bike,NO
Img_2213.jpg,drinking,NO
Img_5047.jpg,playing_violin,YES
Img_4988.jpg,watching_TV,NO
Img_4664.jpg,using_a_computer,NO
Img_2804.jpg,holding_an_umbrella,NO
Img_1215.jpg,throwing_frisby,YES
Img_3919.jpg,looking_through_a_telescope,YES
Img_6620.jpg,watching_TV,NO
Img_5512.jpg,smoking,YES
Img_4113.jpg,writing_on_a_book,YES
Img_1253.jpg,writing_on_a_book,NO
Img_3467.jpg,rowing_a_boat,NO
Img_7521.jpg,riding_a_bike,YES
Img_838.jpg,cleaning_the_floor,NO
Img_4992.jpg,running,NO
Img_100.jpg,fixing_a_car,NO
Img_7343.jpg,feeding_a_horse,NO
Img_9299.jpg,walking_the_dog,NO
Img_4338.jpg,riding_a_bike,NO
Img_844.jpg,writing_on_a_book,YES
Img_2400.jpg,drinking,NO
Img_3457.jpg,applauding,YES
Img_4070.jpg,cleaning_the_floor,NO
Img_7344.jpg,riding_a_horse,NO
Img_3518.jpg,blowing_bubbles,YES
Img_2499.jpg,looking_through_a_microscope,YES
Img_453.jpg,jumping,NO
Img_5069.jpg,taking_photos,NO
Img_5569.jpg,writing_on_a_board,NO
Img_3545.jpg,watching_TV,NO
Img_6829.jpg,running,NO
Img_3909.jpg,smoking,NO
Img_2959.jpg,applauding,YES
Img_483.jpg,riding_a_bike,NO
Img_1235.jpg,shooting_an_arrow,YES
Img_1284.jpg,pushing_a_cart,YES
Img_3201.jpg,cutting_trees,NO
Img_3563.jpg,reading,NO
Img_7630.jpg,looking_through_a_microscope,YES
Img_4561.jpg,gardening,NO
Img_4099.jpg,cutting_vegetables,NO
Img_7367.jpg,cutting_trees,NO
Img_7507.jpg,jumping,NO
Img_9407.jpg,phoning,NO
Img_2447.jpg,rowing_a_boat,NO
Img_403.jpg,cooking,YES
Img_8070.jpg,pouring_liquid,YES
Img_7257.jpg,playing_guitar,NO
Img_1939.jpg,cutting_trees,NO
Img_8336.jpg,rowing_a_boat,YES
Img_7512.jpg,running,YES
Img_4073.jpg,watching_TV,YES
Img_3252.jpg,holding_an_umbrella,YES
Img_4175.jpg,writing_on_a_board,NO
Img_2175.jpg,drinking,NO
Img_1112.jpg,fishing,NO
Img_9006.jpg,cutting_trees,NO
Img_6727.jpg,cooking,NO
Img_1366.jpg,throwing_frisby,YES
Img_8131.jpg,smoking,NO
Img_6112.jpg,reading,NO
Img_8264.jpg,reading,NO
Img_6436.jpg,riding_a_horse,NO
Img_1192.jpg,using_a_computer,NO
Img_4726.jpg,cooking,YES
Img_2603.jpg,running,YES
Img_4170.jpg,applauding,YES
Img_2929.jpg,applauding,YES
Img_1176.jpg,shooting_an_arrow,YES
Img_986.jpg,running,YES
Img_6260.jpg,washing_dishes,NO
Img_572.jpg,applauding,YES
Img_4078.jpg,using_a_computer,NO
Img_427.jpg,looking_through_a_microscope,YES
Img_4316.jpg,walking_the_dog,NO
Img_6559.jpg,holding_an_umbrella,NO
Img_408.jpg,blowing_bubbles,YES
Img_311.jpg,riding_a_horse,NO
Img_2437.jpg,jumping,NO
Img_3786.jpg,applauding,NO
Img_6035.jpg,brushing_teeth,NO
Img_6880.jpg,fishing,NO
Img_2989.jpg,holding_an_umbrella,NO
Img_9509.jpg,shooting_an_arrow,NO
Img_3848.jpg,fixing_a_bike,YES
Img_7802.jpg,looking_through_a_microscope,YES
Img_3542.jpg,throwing_frisby,YES
Img_2157.jpg,smoking,NO
Img_4830.jpg,shooting_an_arrow,NO
Img_3967.jpg,watching_TV,YES
Img_8483.jpg,phoning,NO
Img_5670.jpg,gardening,NO
Img_8856.jpg,playing_violin,NO
Img_5417.jpg,watching_TV,YES
Img_5313.jpg,riding_a_bike,YES
Img_7609.jpg,running,NO
Img_8551.jpg,blowing_bubbles,NO
Img_4156.jpg,shooting_an_arrow,YES
Img_7968.jpg,cutting_vegetables,NO
Img_8627.jpg,playing_violin,YES
Img_1288.jpg,playing_guitar,NO
Img_7473.jpg,texting_message,YES
Img_900.jpg,riding_a_bike,NO
Img_1077.jpg,feeding_a_horse,YES
Img_145.jpg,jumping,NO
Img_2828.jpg,walking_the_dog,NO
Img_4807.jpg,waving_hands,NO
Img_1162.jpg,fixing_a_car,YES
Img_882.jpg,cooking,NO
Img_1153.jpg,gardening,NO
Img_6450.jpg,writing_on_a_board,NO
Img_4574.jpg,shooting_an_arrow,NO
Img_9274.jpg,using_a_computer,NO
Img_5912.jpg,looking_through_a_telescope,NO
Img_5967.jpg,rowing_a_boat,NO
Img_1209.jpg,cooking,YES
Img_1495.jpg,fixing_a_bike,NO
Img_4299.jpg,cooking,NO
Img_7028.jpg,cutting_trees,NO
Img_5124.jpg,riding_a_bike,YES
Img_5905.jpg,waving_hands,NO
Img_2229.jpg,drinking,NO
Img_9453.jpg,gardening,NO
Img_7110.jpg,gardening,NO
Img_2633.jpg,writing_on_a_board,NO
Img_1351.jpg,climbing,NO
Img_4623.jpg,climbing,NO
Img_7948.jpg,pushing_a_cart,YES
Img_5165.jpg,fixing_a_bike,NO
Img_8358.jpg,walking_the_dog,YES
Img_1230.jpg,cleaning_the_floor,YES
Img_1857.jpg,drinking,YES
Img_3383.jpg,climbing,NO
Img_9129.jpg,drinking,YES
Img_8844.jpg,climbing,NO
Img_2729.jpg,playing_guitar,NO
Img_2431.jpg,cooking,NO
Img_7208.jpg,fixing_a_bike,NO
Img_6007.jpg,watching_TV,NO
Img_7835.jpg,shooting_an_arrow,YES
Img_8546.jpg,drinking,YES
Img_1465.jpg,using_a_computer,NO
Img_7457.jpg,feeding_a_horse,YES
Img_7430.jpg,blowing_bubbles,NO
Img_4111.jpg,blowing_bubbles,NO
Img_9532.jpg,holding_an_umbrella,NO
Img_5563.jpg,applauding,YES
Img_4630.jpg,writing_on_a_board,NO
Img_2467.jpg,writing_on_a_book,NO
Img_109.jpg,rowing_a_boat,NO
Img_8829.jpg,climbing,NO
Img_533.jpg,playing_violin,YES
Img_7607.jpg,running,YES
Img_1123.jpg,climbing,NO
Img_5814.jpg,writing_on_a_book,NO
Img_5650.jpg,fixing_a_bike,NO
Img_941.jpg,texting_message,NO
Img_4121.jpg,texting_message,YES
Img_2642.jpg,jumping,NO
Img_4199.jpg,phoning,NO
Img_2770.jpg,jumping,NO
Img_8655.jpg,running,NO
Img_8903.jpg,holding_an_umbrella,NO
Img_4841.jpg,taking_photos,NO
Img_9384.jpg,looking_through_a_telescope,YES
Img_8134.jpg,running,YES
Img_7748.jpg,waving_hands,NO
Img_3637.jpg,cooking,YES
Img_4752.jpg,rowing_a_boat,NO
Img_5961.jpg,using_a_computer,NO
Img_5066.jpg,using_a_computer,YES
Img_9464.jpg,throwing_frisby,NO
Img_8665.jpg,using_a_computer,NO
Img_2279.jpg,blowing_bubbles,NO
Img_1722.jpg,texting_message,YES
Img_574.jpg,riding_a_horse,NO
Img_8709.jpg,looking_through_a_microscope,YES
Img_7846.jpg,applauding,NO
Img_3849.jpg,texting_message,NO
Img_4191.jpg,riding_a_horse,NO
Img_5978.jpg,washing_dishes,NO
Img_2495.jpg,cutting_trees,NO
Img_969.jpg,cutting_trees,NO
Img_1616.jpg,looking_through_a_telescope,NO
Img_3034.jpg,walking_the_dog,YES
Img_1687.jpg,blowing_bubbles,YES
Img_7080.jpg,smoking,NO
Img_3448.jpg,throwing_frisby,YES
Img_1850.jpg,writing_on_a_book,NO
Img_7416.jpg,using_a_computer,NO
Img_9185.jpg,playing_violin,YES
Img_5367.jpg,cooking,NO
Img_5998.jpg,reading,YES
Img_8097.jpg,reading,NO
Img_6049.jpg,blowing_bubbles,YES
Img_8280.jpg,writing_on_a_book,YES
Img_6172.jpg,feeding_a_horse,YES
Img_4679.jpg,watching_TV,YES
Img_1483.jpg,taking_photos,YES
Img_2459.jpg,looking_through_a_microscope,YES
Img_1777.jpg,climbing,NO
Img_9025.jpg,cooking,NO
Img_4504.jpg,smoking,YES
Img_7532.jpg,fixing_a_bike,YES
Img_8317.jpg,riding_a_bike,NO
Img_2909.jpg,playing_guitar,NO
Img_7721.jpg,looking_through_a_microscope,YES
Img_7540.jpg,cooking,YES
Img_5979.jpg,watching_TV,YES
Img_9110.jpg,feeding_a_horse,NO
Img_8958.jpg,playing_guitar,NO
Img_8831.jpg,walking_the_dog,NO
Img_4136.jpg,watching_TV,NO
Img_3398.jpg,climbing,NO
Img_5021.jpg,applauding,YES
Img_6644.jpg,texting_message,YES
Img_4503.jpg,walking_the_dog,YES
Img_7305.jpg,smoking,NO
Img_4525.jpg,riding_a_horse,NO
Img_4670.jpg,applauding,YES
Img_929.jpg,looking_through_a_microscope,YES
Img_5812.jpg,riding_a_bike,YES
Img_2682.jpg,fixing_a_bike,NO
Img_2776.jpg,pushing_a_cart,YES
Img_4554.jpg,playing_guitar,NO
Img_7983.jpg,cooking,YES
Img_6663.jpg,holding_an_umbrella,YES
Img_6749.jpg,climbing,NO
Img_1295.jpg,walking_the_dog,NO
Img_7776.jpg,writing_on_a_book,NO
Img_5238.jpg,fixing_a_bike,YES
Img_7390.jpg,pouring_liquid,YES
Img_4354.jpg,cutting_trees,NO
Img_4534.jpg,shooting_an_arrow,NO
Img_8168.jpg,jumping,NO
Img_4652.jpg,gardening,YES
Img_34.jpg,blowing_bubbles,NO
Img_9167.jpg,looking_through_a_telescope,NO
Img_4810.jpg,looking_through_a_telescope,YES
Img_563.jpg,fishing,NO
Img_1760.jpg,fixing_a_bike,YES
Img_7414.jpg,shooting_an_arrow,NO
Img_1308.jpg,playing_guitar,NO
Img_8470.jpg,climbing,NO
Img_1268.jpg,texting_message,NO
Img_3889.jpg,phoning,NO
Img_9141.jpg,fishing,NO
Img_4404.jpg,playing_guitar,NO
Img_4351.jpg,using_a_computer,YES
Img_1093.jpg,gardening,NO
Img_8074.jpg,cutting_vegetables,NO
Img_1265.jpg,reading,NO
Img_7585.jpg,using_a_computer,NO
Img_2173.jpg,taking_photos,NO
Img_6694.jpg,riding_a_horse,NO
Img_5600.jpg,climbing,NO
Img_5903.jpg,fixing_a_bike,NO
Img_659.jpg,playing_violin,NO
Img_551.jpg,shooting_an_arrow,NO
Img_2942.jpg,cleaning_the_floor,NO
Img_2766.jpg,fixing_a_bike,NO
Img_1362.jpg,riding_a_horse,NO
Img_1811.jpg,reading,NO
Img_3787.jpg,brushing_teeth,NO
Img_2995.jpg,jumping,NO
Img_5667.jpg,fishing,NO
Img_1231.jpg,watching_TV,NO
Img_7108.jpg,reading,NO
Img_7697.jpg,reading,NO
Img_3193.jpg,writing_on_a_book,YES
Img_4512.jpg,pouring_liquid,NO
Img_5784.jpg,pushing_a_cart,YES
Img_3447.jpg,jumping,NO
Img_3267.jpg,smoking,NO
Img_1166.jpg,fixing_a_car,NO
Img_1052.jpg,brushing_teeth,NO
Img_720.jpg,climbing,NO
Img_4557.jpg,playing_violin,NO
Img_2948.jpg,throwing_frisby,YES
Img_722.jpg,gardening,NO
Img_896.jpg,cleaning_the_floor,NO
Img_4440.jpg,jumping,NO
Img_1565.jpg,cutting_vegetables,YES
Img_2638.jpg,taking_photos,YES
Img_8561.jpg,drinking,YES
Img_1799.jpg,cutting_trees,NO
Img_325.jpg,brushing_teeth,NO
Img_3961.jpg,playing_guitar,NO
Img_6333.jpg,writing_on_a_board,YES
Img_7067.jpg,reading,NO
Img_4483.jpg,gardening,NO
Img_3817.jpg,drinking,YES
Img_2246.jpg,fishing,NO
Img_1756.jpg,cutting_vegetables,NO
Img_7255.jpg,watching_TV,YES
Img_2392.jpg,fixing_a_bike,NO
Img_5615.jpg,cooking,NO
Img_6567.jpg,taking_photos,NO
Img_5227.jpg,taking_photos,NO
Img_6001.jpg,feeding_a_horse,NO
Img_4897.jpg,cleaning_the_floor,NO
Img_4332.jpg,cutting_trees,NO
Img_8927.jpg,riding_a_horse,NO
Img_3834.jpg,fishing,NO
Img_6898.jpg,blowing_bubbles,NO
Img_3209.jpg,cutting_trees,NO
Img_6714.jpg,texting_message,NO
Img_7877.jpg,rowing_a_boat,YES
Img_3710.jpg,writing_on_a_board,NO
Img_1358.jpg,texting_message,NO
Img_307.jpg,throwing_frisby,NO
Img_4599.jpg,feeding_a_horse,NO
Img_4815.jpg,phoning,YES
Img_1229.jpg,walking_the_dog,YES
Img_6341.jpg,holding_an_umbrella,YES
Img_5043.jpg,washing_dishes,NO
Img_3321.jpg,throwing_frisby,YES
Img_4961.jpg,blowing_bubbles,YES
Img_6467.jpg,walking_the_dog,YES
Img_4712.jpg,gardening,NO
Img_224.jpg,cutting_vegetables,NO
Img_2374.jpg,washing_dishes,NO
Img_1911.jpg,gardening,NO
Img_2552.jpg,feeding_a_horse,NO
Img_5740.jpg,writing_on_a_book,NO
Img_5337.jpg,riding_a_horse,NO
Img_3227.jpg,throwing_frisby,YES
Img_9440.jpg,fixing_a_bike,NO
Img_6670.jpg,pouring_liquid,NO
Img_2553.jpg,walking_the_dog,YES
Img_4922.jpg,riding_a_horse,NO
Img_915.jpg,walking_the_dog,YES
Img_5539.jpg,watching_TV,NO
Img_8661.jpg,playing_guitar,NO
Img_4392.jpg,playing_guitar,NO
Img_1513.jpg,applauding,YES
Img_9149.jpg,drinking,NO
Img_9294.jpg,riding_a_horse,NO
Img_3161.jpg,washing_dishes,NO
Img_7348.jpg,washing_dishes,NO
Img_6966.jpg,holding_an_umbrella,NO
Img_4522.jpg,reading,NO
Img_8991.jpg,rowing_a_boat,NO
Img_899.jpg,cutting_trees,NO
Img_517.jpg,blowing_bubbles,YES
Img_3583.jpg,holding_an_umbrella,NO
Img_1630.jpg,cutting_vegetables,NO
Img_2151.jpg,fixing_a_car,NO
Img_3000.jpg,throwing_frisby,YES
Img_9400.jpg,shooting_an_arrow,NO
Img_2506.jpg,holding_an_umbrella,NO
Img_2856.jpg,reading,NO
Img_8717.jpg,jumping,NO
Img_2848.jpg,applauding,YES
Img_5287.jpg,drinking,NO
Img_5926.jpg,watching_TV,NO
Img_8267.jpg,climbing,NO
Img_1218.jpg,writing_on_a_book,NO
Img_7683.jpg,cleaning_the_floor,NO
Img_4308.jpg,waving_hands,NO
Img_6391.jpg,feeding_a_horse,NO
Img_2915.jpg,pushing_a_cart,NO
Img_7874.jpg,blowing_bubbles,YES
Img_7212.jpg,holding_an_umbrella,NO
Img_5663.jpg,blowing_bubbles,NO
Img_5731.jpg,holding_an_umbrella,YES
Img_3858.jpg,riding_a_bike,NO
Img_7950.jpg,applauding,YES
Img_729.jpg,rowing_a_boat,NO
Img_8013.jpg,feeding_a_horse,YES
Img_7723.jpg,writing_on_a_book,YES
Img_4891.jpg,applauding,YES
Img_1702.jpg,pushing_a_cart,NO
Img_404.jpg,blowing_bubbles,YES
Img_2164.jpg,pouring_liquid,YES
Img_2843.jpg,watching_TV,YES
Img_9223.jpg,applauding,YES
Img_2677.jpg,holding_an_umbrella,NO
Img_2238.jpg,looking_through_a_microscope,YES
Img_4809.jpg,climbing,NO
Img_6393.jpg,cooking,NO
Img_2654.jpg,drinking,NO
Img_3534.jpg,feeding_a_horse,YES
Img_1013.jpg,holding_an_umbrella,YES
Img_6096.jpg,playing_violin,NO
Img_7300.jpg,walking_the_dog,NO
Img_401.jpg,jumping,NO
Img_3380.jpg,fixing_a_car,NO
Img_6227.jpg,washing_dishes,YES
Img_1754.jpg,pushing_a_cart,NO
Img_2145.jpg,playing_violin,NO
Img_8011.jpg,riding_a_bike,YES
Img_1039.jpg,pushing_a_cart,YES
Img_2252.jpg,pushing_a_cart,YES
Img_3743.jpg,cooking,NO
Img_651.jpg,cooking,NO
Img_3585.jpg,fixing_a_bike,YES
Img_961.jpg,texting_message,YES
Img_1128.jpg,phoning,NO
Img_8736.jpg,walking_the_dog,NO
Img_516.jpg,watching_TV,YES
Img_2662.jpg,running,YES
Img_8939.jpg,applauding,YES
Img_6506.jpg,washing_dishes,NO
Img_2569.jpg,pushing_a_cart,NO
Img_6721.jpg,cutting_trees,NO
Img_3975.jpg,riding_a_horse,NO
Img_9269.jpg,feeding_a_horse,NO
Img_9035.jpg,watching_TV,YES
Img_8995.jpg,brushing_teeth,NO
Img_9503.jpg,blowing_bubbles,NO
Img_96.jpg,cooking,YES
Img_6114.jpg,texting_message,NO
Img_8175.jpg,looking_through_a_telescope,YES
Img_220.jpg,looking_through_a_microscope,YES
Img_2723.jpg,drinking,NO
Img_8352.jpg,using_a_computer,YES
Img_5435.jpg,watching_TV,NO
Img_4269.jpg,playing_violin,YES
Img_6784.jpg,watching_TV,NO
Img_4729.jpg,cleaning_the_floor,NO
Img_48.jpg,riding_a_horse,NO
Img_1887.jpg,looking_through_a_microscope,NO
Img_8064.jpg,taking_photos,NO
Img_8219.jpg,fixing_a_bike,YES
Img_998.jpg,phoning,NO
Img_5068.jpg,fishing,NO
Img_1333.jpg,fishing,NO
Img_3808.jpg,writing_on_a_board,NO
Img_443.jpg,jumping,NO
Img_2817.jpg,shooting_an_arrow,NO
Img_7198.jpg,fixing_a_car,YES
Img_6747.jpg,using_a_computer,YES
Img_1664.jpg,cleaning_the_floor,NO
Img_6676.jpg,running,YES
Img_4663.jpg,applauding,YES
Img_6196.jpg,gardening,NO
Img_5018.jpg,waving_hands,NO
Img_7862.jpg,looking_through_a_telescope,NO
Img_9004.jpg,walking_the_dog,NO
Img_7837.jpg,smoking,NO
Img_6906.jpg,cutting_trees,NO
Img_2497.jpg,smoking,YES
Img_5355.jpg,cooking,YES
Img_6129.jpg,waving_hands,YES
Img_3192.jpg,looking_through_a_telescope,YES
Img_1509.jpg,playing_guitar,NO
Img_3177.jpg,cooking,YES
Img_2443.jpg,blowing_bubbles,NO
Img_8930.jpg,playing_violin,NO
Img_2572.jpg,looking_through_a_microscope,NO
Img_7217.jpg,reading,NO
Img_4167.jpg,cooking,NO
Img_8297.jpg,playing_violin,NO
Img_6427.jpg,taking_photos,NO
Img_7084.jpg,reading,NO
Img_8373.jpg,reading,YES
Img_8753.jpg,throwing_frisby,YES
Img_9324.jpg,phoning,NO
Img_4011.jpg,throwing_frisby,NO
Img_1892.jpg,blowing_bubbles,NO
Img_1277.jpg,walking_the_dog,NO
Img_3846.jpg,rowing_a_boat,NO
Img_3090.jpg,cutting_trees,YES
Img_8118.jpg,cutting_vegetables,YES
Img_5835.jpg,watching_TV,YES
Img_9403.jpg,fixing_a_car,YES
Img_4562.jpg,looking_through_a_telescope,YES
Img_1363.jpg,blowing_bubbles,NO
Img_6011.jpg,fixing_a_bike,YES
Img_8562.jpg,walking_the_dog,YES
Img_7754.jpg,playing_guitar,NO
Img_7402.jpg,writing_on_a_book,YES
Img_7342.jpg,waving_hands,NO
Img_2672.jpg,smoking,NO
Img_3785.jpg,looking_through_a_microscope,NO
Img_5737.jpg,using_a_computer,NO
Img_7633.jpg,blowing_bubbles,NO
Img_1538.jpg,applauding,YES
Img_3091.jpg,smoking,YES
Img_2039.jpg,pushing_a_cart,YES
Img_748.jpg,cutting_vegetables,NO
Img_1776.jpg,cutting_vegetables,NO
Img_3762.jpg,jumping,NO
Img_1909.jpg,applauding,YES
Img_8105.jpg,using_a_computer,NO
Img_22.jpg,drinking,NO
Img_1507.jpg,looking_through_a_microscope,YES
Img_9376.jpg,using_a_computer,NO
Img_2290.jpg,phoning,NO
Img_1380.jpg,pushing_a_cart,NO
Img_5143.jpg,writing_on_a_board,NO
Img_1798.jpg,riding_a_horse,NO
Img_3075.jpg,running,NO
Img_3875.jpg,pushing_a_cart,YES
Img_857.jpg,waving_hands,YES
Img_6891.jpg,feeding_a_horse,NO
Img_7525.jpg,running,YES
Img_4001.jpg,cutting_vegetables,NO
Img_2149.jpg,blowing_bubbles,YES
Img_7442.jpg,looking_through_a_microscope,NO
Img_698.jpg,riding_a_horse,YES
Img_7984.jpg,blowing_bubbles,YES
Img_7505.jpg,cooking,NO
Img_9331.jpg,smoking,YES
Img_1890.jpg,pushing_a_cart,NO
Img_1296.jpg,blowing_bubbles,NO
Img_7246.jpg,riding_a_bike,NO
Img_5308.jpg,applauding,YES
Img_3756.jpg,climbing,NO
Img_1978.jpg,fixing_a_car,NO
Img_3886.jpg,cooking,NO
Img_5440.jpg,looking_through_a_telescope,YES
Img_4320.jpg,pouring_liquid,NO
Img_6688.jpg,fixing_a_bike,YES
Img_7016.jpg,pushing_a_cart,YES
Img_8166.jpg,fishing,NO
Img_1990.jpg,cutting_trees,NO
Img_6490.jpg,running,NO
Img_7314.jpg,drinking,NO
Img_5411.jpg,blowing_bubbles,NO
Img_3615.jpg,cutting_vegetables,YES
Img_3069.jpg,looking_through_a_telescope,NO
Img_8992.jpg,jumping,NO
Img_7923.jpg,cooking,NO
Img_2091.jpg,cooking,NO
Img_4177.jpg,looking_through_a_telescope,NO
Img_6655.jpg,applauding,NO
Img_7556.jpg,running,NO
Img_1907.jpg,riding_a_bike,YES
Img_4081.jpg,fixing_a_bike,YES
Img_5108.jpg,playing_violin,NO
Img_7796.jpg,pushing_a_cart,YES
Img_3565.jpg,cleaning_the_floor,NO
Img_8565.jpg,pushing_a_cart,NO
Img_2457.jpg,looking_through_a_microscope,YES
Img_2003.jpg,feeding_a_horse,NO
Img_4346.jpg,looking_through_a_microscope,NO
Img_4763.jpg,throwing_frisby,YES
Img_6268.jpg,using_a_computer,NO
Img_9214.jpg,pouring_liquid,YES
Img_6104.jpg,climbing,NO
Img_4197.jpg,cleaning_the_floor,NO
Img_5493.jpg,playing_guitar,NO
Img_6343.jpg,holding_an_umbrella,NO
Img_276.jpg,washing_dishes,NO
Img_2970.jpg,gardening,NO
Img_7425.jpg,using_a_computer,NO
Img_3423.jpg,cooking,YES
Img_930.jpg,looking_through_a_microscope,YES
Img_6607.jpg,rowing_a_boat,NO
Img_9202.jpg,cutting_vegetables,YES
Img_405.jpg,running,NO
Img_3640.jpg,climbing,NO
Img_2905.jpg,feeding_a_horse,NO
Img_2673.jpg,rowing_a_boat,NO
Img_8240.jpg,running,YES
Img_1818.jpg,looking_through_a_microscope,NO
Img_1726.jpg,looking_through_a_telescope,NO
Img_627.jpg,riding_a_horse,YES
Img_9436.jpg,drinking,NO
Img_3508.jpg,watching_TV,YES
Img_5968.jpg,riding_a_bike,NO
Img_8541.jpg,cooking,YES
Img_1190.jpg,feeding_a_horse,NO
Img_9430.jpg,using_a_computer,NO
Img_3139.jpg,rowing_a_boat,NO
Img_7765.jpg,holding_an_umbrella,NO
Img_5354.jpg,walking_the_dog,NO
Img_2464.jpg,pushing_a_cart,NO
Img_4319.jpg,cutting_trees,NO
Img_3903.jpg,using_a_computer,YES
Img_6108.jpg,watching_TV,NO
Img_2042.jpg,jumping,YES
Img_5213.jpg,fishing,NO
Img_6733.jpg,rowing_a_boat,NO
Img_7406.jpg,applauding,NO
Img_5497.jpg,smoking,NO
Img_4441.jpg,playing_guitar,YES
Img_4865.jpg,writing_on_a_book,NO
Img_6095.jpg,riding_a_bike,NO
Img_5218.jpg,jumping,NO
Img_4912.jpg,throwing_frisby,YES
Img_1310.jpg,walking_the_dog,YES
Img_773.jpg,drinking,YES
Img_91.jpg,cutting_vegetables,YES
Img_5362.jpg,playing_guitar,YES
Img_8957.jpg,riding_a_bike,NO
Img_2214.jpg,rowing_a_boat,NO
Img_1487.jpg,rowing_a_boat,NO
Img_6148.jpg,washing_dishes,NO
Img_4659.jpg,climbing,NO
Img_8417.jpg,gardening,NO
Img_8210.jpg,watching_TV,NO
Img_9232.jpg,writing_on_a_book,NO
Img_7090.jpg,gardening,NO
Img_5181.jpg,running,NO
Img_2494.jpg,pushing_a_cart,NO
Img_4765.jpg,pouring_liquid,NO
Img_2639.jpg,shooting_an_arrow,NO
Img_4004.jpg,throwing_frisby,YES
Img_7313.jpg,cleaning_the_floor,NO
Img_7107.jpg,washing_dishes,NO
Img_1391.jpg,running,NO
Img_6383.jpg,writing_on_a_board,NO
Img_7053.jpg,looking_through_a_microscope,YES
Img_4457.jpg,playing_violin,YES
Img_5062.jpg,using_a_computer,NO
Img_4148.jpg,applauding,NO
Img_4624.jpg,throwing_frisby,NO
Img_9423.jpg,cutting_vegetables,NO
Img_9009.jpg,cooking,NO
Img_4012.jpg,drinking,NO
Img_1840.jpg,climbing,NO
Img_5122.jpg,shooting_an_arrow,NO
Img_1864.jpg,cutting_trees,YES
Img_7280.jpg,cooking,NO
Img_4686.jpg,pushing_a_cart,NO
Img_8515.jpg,taking_photos,YES
Img_1096.jpg,walking_the_dog,NO
Img_6867.jpg,reading,NO
Img_5715.jpg,cooking,NO
Img_1016.jpg,pushing_a_cart,YES
Img_4577.jpg,using_a_computer,NO
Img_347.jpg,pouring_liquid,YES
Img_148.jpg,climbing,YES
Img_8048.jpg,feeding_a_horse,NO
Img_7908.jpg,shooting_an_arrow,NO
Img_468.jpg,shooting_an_arrow,NO
Img_6787.jpg,feeding_a_horse,YES
Img_2359.jpg,fixing_a_bike,NO
Img_9383.jpg,using_a_computer,NO
Img_3151.jpg,gardening,YES
Img_7054.jpg,pushing_a_cart,YES
Img_7287.jpg,writing_on_a_board,YES
Img_2274.jpg,reading,NO
Img_9257.jpg,pushing_a_cart,YES
Img_4764.jpg,cutting_trees,NO
Img_9124.jpg,running,NO
Img_871.jpg,cleaning_the_floor,NO
Img_3309.jpg,looking_through_a_telescope,NO
Img_960.jpg,blowing_bubbles,NO
Img_6750.jpg,cutting_trees,NO
Img_5161.jpg,fixing_a_car,NO
Img_8173.jpg,cutting_trees,NO
Img_2689.jpg,watching_TV,NO
Img_3390.jpg,feeding_a_horse,NO
Img_8571.jpg,shooting_an_arrow,YES
Img_8590.jpg,looking_through_a_microscope,NO
Img_8523.jpg,fishing,NO
Img_2500.jpg,writing_on_a_book,NO
Img_7922.jpg,climbing,NO
Img_2017.jpg,blowing_bubbles,YES
Img_9488.jpg,shooting_an_arrow,NO
Img_8869.jpg,cleaning_the_floor,NO
Img_7369.jpg,cleaning_the_floor,NO
Img_5602.jpg,smoking,NO
Img_4176.jpg,jumping,NO
Img_9360.jpg,washing_dishes,NO
Img_1808.jpg,writing_on_a_board,NO
Img_4741.jpg,riding_a_bike,NO
Img_2466.jpg,blowing_bubbles,NO
Img_1053.jpg,waving_hands,YES
Img_1679.jpg,shooting_an_arrow,NO
Img_7389.jpg,pouring_liquid,YES
Img_8875.jpg,reading,YES
Img_5166.jpg,writing_on_a_book,NO
Img_6866.jpg,pushing_a_cart,NO
Img_9003.jpg,holding_an_umbrella,YES
Img_6951.jpg,writing_on_a_board,NO
Img_538.jpg,riding_a_horse,NO
Img_8081.jpg,walking_the_dog,YES
Img_7294.jpg,riding_a_horse,NO
Img_5573.jpg,riding_a_horse,NO
Img_4093.jpg,fishing,NO
Img_2660.jpg,fixing_a_car,NO
Img_4927.jpg,applauding,NO
Img_8314.jpg,riding_a_horse,NO
Img_9371.jpg,shooting_an_arrow,YES
Img_2670.jpg,phoning,NO
Img_9187.jpg,applauding,YES
Img_6335.jpg,climbing,NO
Img_3977.jpg,shooting_an_arrow,NO
Img_7571.jpg,cutting_trees,NO
Img_423.jpg,cleaning_the_floor,NO
Img_6326.jpg,walking_the_dog,YES
Img_4363.jpg,playing_guitar,NO
Img_246.jpg,shooting_an_arrow,NO
Img_4496.jpg,drinking,NO
Img_4221.jpg,cooking,YES
Img_8851.jpg,looking_through_a_telescope,NO
Img_4831.jpg,fixing_a_bike,NO
Img_5684.jpg,riding_a_horse,YES
Img_7717.jpg,running,NO
Img_7631.jpg,looking_through_a_microscope,NO
Img_3830.jpg,holding_an_umbrella,NO
Img_1130.jpg,looking_through_a_telescope,YES
Img_7973.jpg,pushing_a_cart,YES
Img_1524.jpg,washing_dishes,NO
Img_6528.jpg,playing_violin,NO
Img_2536.jpg,fishing,NO
Img_9221.jpg,holding_an_umbrella,NO
Img_5190.jpg,writing_on_a_book,YES
Img_2339.jpg,playing_guitar,NO
Img_2393.jpg,playing_guitar,NO
Img_5060.jpg,holding_an_umbrella,YES
Img_2571.jpg,feeding_a_horse,YES
Img_7372.jpg,walking_the_dog,NO
Img_8159.jpg,fishing,NO
Img_4253.jpg,shooting_an_arrow,YES
Img_2568.jpg,watching_TV,YES
Img_3970.jpg,throwing_frisby,YES
Img_7439.jpg,holding_an_umbrella,NO
Img_4632.jpg,writing_on_a_board,NO
Img_3511.jpg,smoking,YES
Img_4906.jpg,climbing,YES
Img_1696.jpg,using_a_computer,NO
Img_8997.jpg,fixing_a_car,NO
Img_6454.jpg,walking_the_dog,YES
Img_3570.jpg,phoning,YES
Img_1480.jpg,cooking,NO
Img_3185.jpg,walking_the_dog,YES
Img_2938.jpg,holding_an_umbrella,YES
Img_6368.jpg,taking_photos,YES
Img_4071.jpg,gardening,NO
Img_1823.jpg,holding_an_umbrella,YES
Img_6222.jpg,washing_dishes,NO
Img_5818.jpg,watching_TV,NO
Img_8864.jpg,looking_through_a_microscope,NO
Img_8086.jpg,riding_a_bike,NO
Img_3599.jpg,smoking,YES
Img_7248.jpg,holding_an_umbrella,NO
Img_3336.jpg,riding_a_horse,NO
Img_688.jpg,playing_guitar,YES
Img_3490.jpg,jumping,NO
Img_4655.jpg,shooting_an_arrow,NO
Img_6879.jpg,playing_violin,YES
Img_2946.jpg,climbing,NO
Img_6741.jpg,riding_a_bike,YES
Img_3350.jpg,reading,YES
Img_1251.jpg,walking_the_dog,YES
Img_5893.jpg,cooking,NO
Img_8432.jpg,drinking,YES
Img_5293.jpg,fishing,NO
Img_5131.jpg,applauding,YES
Img_1583.jpg,fixing_a_car,NO
Img_6214.jpg,cutting_trees,NO
Img_8760.jpg,cutting_trees,NO
Img_2943.jpg,watching_TV,NO
Img_446.jpg,running,YES
Img_5760.jpg,fixing_a_bike,YES
Img_2992.jpg,playing_guitar,NO
Img_7695.jpg,holding_an_umbrella,NO
Img_7878.jpg,running,NO
Img_7931.jpg,riding_a_horse,NO
Img_7610.jpg,cutting_trees,NO
Img_7988.jpg,drinking,NO
Img_3111.jpg,phoning,NO
Img_1599.jpg,cooking,NO
Img_7432.jpg,riding_a_horse,NO
Img_8526.jpg,looking_through_a_microscope,NO
Img_3837.jpg,drinking,NO
Img_182.jpg,fixing_a_bike,NO
Img_3274.jpg,playing_guitar,NO
Img_245.jpg,watching_TV,YES
Img_3610.jpg,fishing,YES
Img_8196.jpg,fishing,NO
Img_4907.jpg,writing_on_a_board,NO
Img_8132.jpg,gardening,NO
Img_4053.jpg,playing_guitar,NO
Img_567.jpg,writing_on_a_book,NO
Img_3172.jpg,riding_a_bike,NO
Img_3225.jpg,fixing_a_car,NO
Img_5844.jpg,holding_an_umbrella,YES
Img_7115.jpg,cutting_vegetables,YES
Img_1106.jpg,taking_photos,NO
Img_4979.jpg,playing_violin,YES
Img_6672.jpg,waving_hands,NO
Img_6549.jpg,feeding_a_horse,NO
Img_1855.jpg,drinking,YES
Img_2271.jpg,fixing_a_car,NO
Img_4445.jpg,riding_a_bike,NO
Img_8723.jpg,taking_photos,NO
Img_940.jpg,applauding,YES
Img_1870.jpg,cutting_trees,NO
Img_7113.jpg,shooting_an_arrow,NO
Img_1602.jpg,looking_through_a_microscope,YES
Img_5011.jpg,cutting_vegetables,NO
Img_700.jpg,texting_message,NO
Img_597.jpg,cutting_vegetables,NO
Img_5382.jpg,running,YES
Img_400.jpg,cutting_trees,NO
Img_2425.jpg,shooting_an_arrow,YES
Img_3543.jpg,jumping,NO
Img_4748.jpg,washing_dishes,YES
Img_1075.jpg,fixing_a_car,NO
Img_2445.jpg,running,YES
Img_2009.jpg,running,YES
Img_9162.jpg,smoking,NO
Img_318.jpg,throwing_frisby,YES
Img_8176.jpg,taking_photos,YES
Img_2155.jpg,applauding,NO
Img_7303.jpg,brushing_teeth,NO
Img_8704.jpg,using_a_computer,NO
Img_4233.jpg,watching_TV,NO
Img_8378.jpg,climbing,NO
Img_7417.jpg,waving_hands,NO
Img_7714.jpg,blowing_bubbles,YES
Img_5279.jpg,washing_dishes,NO
Img_9489.jpg,fixing_a_car,NO
Img_7940.jpg,cutting_vegetables,NO
Img_6073.jpg,throwing_frisby,YES
Img_8686.jpg,looking_through_a_microscope,YES
Img_8953.jpg,running,NO
Img_2275.jpg,pushing_a_cart,YES
Img_8332.jpg,smoking,YES
Img_1720.jpg,blowing_bubbles,NO
Img_287.jpg,riding_a_bike,NO
Img_6775.jpg,running,NO
Img_300.jpg,using_a_computer,NO
Img_3242.jpg,playing_guitar,YES
Img_8776.jpg,drinking,NO
Img_1861.jpg,looking_through_a_telescope,NO
Img_8835.jpg,watching_TV,NO
Img_5148.jpg,waving_hands,YES
Img_241.jpg,cleaning_the_floor,NO
Img_5829.jpg,looking_through_a_microscope,YES
Img_4965.jpg,smoking,YES
Img_8624.jpg,playing_violin,YES
Img_7306.jpg,playing_violin,NO
Img_3101.jpg,pushing_a_cart,NO
Img_3522.jpg,writing_on_a_book,NO
Img_4190.jpg,drinking,NO
Img_8802.jpg,writing_on_a_book,NO
Img_3044.jpg,holding_an_umbrella,NO
Img_9355.jpg,applauding,NO
Img_2829.jpg,blowing_bubbles,NO
Img_8934.jpg,drinking,YES
Img_2407.jpg,washing_dishes,NO
Img_1558.jpg,looking_through_a_telescope,YES
Img_5948.jpg,blowing_bubbles,NO
Img_8032.jpg,holding_an_umbrella,YES
Img_2028.jpg,reading,YES
Img_4515.jpg,cooking,NO
Img_6764.jpg,rowing_a_boat,NO
Img_312.jpg,playing_guitar,NO
Img_7557.jpg,applauding,YES
Img_6934.jpg,cutting_trees,NO
Img_1549.jpg,using_a_computer,NO
Img_2456.jpg,watching_TV,YES
Img_704.jpg,looking_through_a_telescope,NO
Img_726.jpg,gardening,NO
Img_4251.jpg,feeding_a_horse,NO
Img_5135.jpg,cutting_trees,YES
Img_3053.jpg,playing_guitar,NO
Img_5458.jpg,fixing_a_bike,YES
Img_45.jpg,cutting_vegetables,YES
Img_8452.jpg,writing_on_a_board,NO
Img_8899.jpg,holding_an_umbrella,YES
Img_6680.jpg,using_a_computer,NO
Img_5637.jpg,looking_through_a_telescope,NO
Img_5802.jpg,blowing_bubbles,YES
Img_3007.jpg,shooting_an_arrow,NO
Img_3401.jpg,running,NO
Img_9064.jpg,cooking,YES
Img_7209.jpg,pushing_a_cart,YES
Img_1959.jpg,looking_through_a_telescope,NO
Img_730.jpg,phoning,NO
Img_8943.jpg,fixing_a_car,NO
Img_5799.jpg,cutting_trees,NO
Img_7321.jpg,fixing_a_car,NO
Img_749.jpg,cleaning_the_floor,NO
Img_7724.jpg,writing_on_a_board,YES
Img_823.jpg,drinking,NO
Img_2327.jpg,feeding_a_horse,YES
Img_4459.jpg,rowing_a_boat,NO
Img_8697.jpg,watching_TV,NO
Img_9328.jpg,looking_through_a_microscope,YES
Img_8266.jpg,feeding_a_horse,NO
Img_5848.jpg,holding_an_umbrella,YES
Img_6605.jpg,throwing_frisby,NO
Img_5394.jpg,running,NO
Img_5542.jpg,playing_violin,YES
Img_444.jpg,using_a_computer,NO
Img_274.jpg,smoking,NO
Img_3256.jpg,drinking,NO
Img_3867.jpg,applauding,YES
Img_5597.jpg,cutting_vegetables,NO
Img_8279.jpg,looking_through_a_telescope,NO
Img_8707.jpg,washing_dishes,NO
Img_8898.jpg,looking_through_a_telescope,NO
Img_305.jpg,playing_guitar,NO
Img_6973.jpg,climbing,NO
Img_7196.jpg,fishing,NO
Img_2969.jpg,playing_violin,NO
Img_8552.jpg,fixing_a_bike,YES
Img_1479.jpg,pushing_a_cart,YES
Img_1730.jpg,fishing,NO
Img_9188.jpg,texting_message,NO
Img_6762.jpg,riding_a_horse,NO
Img_2577.jpg,blowing_bubbles,NO
Img_5831.jpg,playing_violin,NO
Img_3173.jpg,pushing_a_cart,NO
Img_2694.jpg,writing_on_a_board,NO
Img_1278.jpg,washing_dishes,NO
Img_55.jpg,climbing,NO
Img_1525.jpg,applauding,YES
Img_3083.jpg,fixing_a_bike,YES
Img_3768.jpg,drinking,YES
Img_4505.jpg,taking_photos,YES
Img_9015.jpg,watching_TV,YES
Img_2261.jpg,fishing,YES
Img_6583.jpg,holding_an_umbrella,YES
Img_2211.jpg,waving_hands,NO
Img_8629.jpg,blowing_bubbles,YES
Img_3057.jpg,reading,YES
Img_5880.jpg,feeding_a_horse,NO
Img_3688.jpg,riding_a_bike,YES
Img_7905.jpg,playing_guitar,NO
Img_6739.jpg,smoking,YES
Img_4364.jpg,rowing_a_boat,NO
Img_6841.jpg,phoning,NO
Img_9113.jpg,walking_the_dog,NO
Img_2554.jpg,fishing,YES
Img_6903.jpg,fixing_a_car,NO
Img_3602.jpg,smoking,NO
Img_4359.jpg,writing_on_a_book,NO
Img_7266.jpg,cooking,NO
Img_4549.jpg,pouring_liquid,YES
Img_8435.jpg,using_a_computer,YES
Img_4186.jpg,riding_a_bike,NO
Img_9426.jpg,cutting_vegetables,NO
Img_7121.jpg,jumping,NO
Img_1219.jpg,riding_a_horse,NO
Img_6877.jpg,drinking,YES
Img_2223.jpg,looking_through_a_telescope,NO
Img_9502.jpg,playing_guitar,YES
Img_715.jpg,texting_message,YES
Img_8149.jpg,reading,NO
Img_7135.jpg,looking_through_a_microscope,NO
Img_1294.jpg,drinking,NO
Img_2408.jpg,playing_guitar,NO
Img_3342.jpg,riding_a_bike,NO
Img_6600.jpg,walking_the_dog,NO
Img_1600.jpg,cutting_vegetables,NO
Img_7911.jpg,fixing_a_bike,YES
Img_1012.jpg,shooting_an_arrow,YES
Img_8596.jpg,cleaning_the_floor,NO
Img_5800.jpg,reading,NO
Img_8872.jpg,playing_guitar,NO
Img_4568.jpg,jumping,NO
Img_7553.jpg,texting_message,NO
Img_9103.jpg,cleaning_the_floor,NO
Img_2818.jpg,fixing_a_bike,YES
Img_6109.jpg,playing_guitar,YES
Img_6534.jpg,using_a_computer,NO
Img_3404.jpg,playing_guitar,NO
Img_6421.jpg,fishing,NO
Img_6491.jpg,playing_violin,NO
Img_4097.jpg,rowing_a_boat,NO
Img_5290.jpg,taking_photos,NO
Img_4981.jpg,cutting_vegetables,NO
Img_4761.jpg,climbing,NO
Img_8040.jpg,riding_a_bike,NO
Img_5544.jpg,pouring_liquid,YES
Img_7595.jpg,applauding,YES
Img_2609.jpg,blowing_bubbles,YES
Img_2561.jpg,washing_dishes,YES
Img_4463.jpg,fixing_a_car,NO
Img_8853.jpg,drinking,NO
Img_8950.jpg,waving_hands,NO
Img_9184.jpg,playing_guitar,NO
Img_8671.jpg,gardening,YES
Img_2613.jpg,writing_on_a_book,NO
Img_9247.jpg,phoning,NO
Img_434.jpg,writing_on_a_board,NO
Img_5407.jpg,looking_through_a_telescope,NO
Img_6937.jpg,pushing_a_cart,YES
Img_3416.jpg,blowing_bubbles,NO
Img_716.jpg,jumping,NO
Img_8889.jpg,fixing_a_bike,YES
Img_8185.jpg,holding_an_umbrella,YES
Img_3110.jpg,blowing_bubbles,NO
Img_6738.jpg,writing_on_a_board,NO
Img_9418.jpg,jumping,NO
Img_621.jpg,shooting_an_arrow,YES
Img_2950.jpg,walking_the_dog,YES
Img_5896.jpg,cutting_trees,NO
Img_1673.jpg,running,YES
Img_1991.jpg,riding_a_bike,YES
Img_1352.jpg,throwing_frisby,YES
Img_7587.jpg,walking_the_dog,YES
Img_8585.jpg,drinking,YES
Img_6744.jpg,writing_on_a_board,NO
Img_409.jpg,phoning,NO
Img_9349.jpg,phoning,NO
Img_4506.jpg,jumping,NO
Img_7523.jpg,reading,NO
Img_4791.jpg,rowing_a_boat,NO
Img_3020.jpg,washing_dishes,YES
Img_4328.jpg,riding_a_horse,YES
Img_8160.jpg,fixing_a_car,YES
Img_1099.jpg,fixing_a_bike,NO
Img_6008.jpg,looking_through_a_microscope,YES
Img_4482.jpg,pushing_a_cart,YES
Img_6042.jpg,pushing_a_cart,YES
Img_5938.jpg,drinking,NO
Img_7264.jpg,walking_the_dog,YES
Img_6138.jpg,cleaning_the_floor,NO
Img_4706.jpg,walking_the_dog,NO
Img_4452.jpg,running,YES
Img_2509.jpg,reading,NO
Img_1167.jpg,riding_a_bike,NO
Img_165.jpg,cleaning_the_floor,NO
Img_3197.jpg,looking_through_a_telescope,YES
Img_2061.jpg,shooting_an_arrow,NO
Img_774.jpg,riding_a_horse,NO
Img_1404.jpg,playing_violin,YES
Img_4792.jpg,looking_through_a_telescope,YES
Img_4909.jpg,feeding_a_horse,NO
Img_646.jpg,waving_hands,NO
Img_2194.jpg,cutting_trees,NO
Img_76.jpg,gardening,NO
Img_705.jpg,blowing_bubbles,NO
Img_1750.jpg,playing_guitar,NO
Img_9424.jpg,fixing_a_bike,NO
Img_2647.jpg,gardening,NO
Img_5660.jpg,phoning,NO
Img_1275.jpg,writing_on_a_book,NO
Img_1927.jpg,jumping,NO
Img_6905.jpg,fixing_a_car,NO
Img_6406.jpg,riding_a_horse,NO
Img_1375.jpg,cleaning_the_floor,YES
Img_1806.jpg,jumping,NO
Img_536.jpg,drinking,NO
Img_8129.jpg,smoking,NO
Img_6547.jpg,pouring_liquid,YES
Img_3078.jpg,fixing_a_bike,NO
Img_8891.jpg,reading,NO
Img_3719.jpg,blowing_bubbles,YES
Img_6635.jpg,pouring_liquid,NO
Img_4609.jpg,blowing_bubbles,NO
Img_2866.jpg,rowing_a_boat,NO
Img_1331.jpg,fishing,NO
Img_2803.jpg,fishing,NO
Img_3165.jpg,writing_on_a_board,NO
Img_6488.jpg,texting_message,YES
Img_1649.jpg,blowing_bubbles,NO
Img_2754.jpg,throwing_frisby,YES
Img_3424.jpg,cooking,NO
Img_7701.jpg,rowing_a_boat,NO
Img_7106.jpg,fishing,NO
Img_603.jpg,watching_TV,NO
Img_1998.jpg,shooting_an_arrow,YES
Img_3431.jpg,walking_the_dog,YES
Img_173.jpg,blowing_bubbles,NO
Img_3655.jpg,looking_through_a_telescope,YES
Img_1408.jpg,writing_on_a_board,NO
Img_4762.jpg,smoking,NO
Img_7286.jpg,jumping,NO
Img_1207.jpg,blowing_bubbles,NO
Img_4455.jpg,riding_a_bike,YES
Img_7761.jpg,phoning,YES
Img_3553.jpg,holding_an_umbrella,NO
Img_9105.jpg,pouring_liquid,NO
Img_5693.jpg,holding_an_umbrella,NO
Img_1138.jpg,writing_on_a_board,NO
Img_9395.jpg,writing_on_a_book,NO
Img_5892.jpg,blowing_bubbles,NO
Img_550.jpg,reading,YES
Img_741.jpg,cooking,NO
Img_1592.jpg,holding_an_umbrella,NO
Img_4668.jpg,gardening,NO
Img_908.jpg,using_a_computer,NO
Img_1862.jpg,riding_a_bike,YES
Img_7766.jpg,feeding_a_horse,NO
Img_66.jpg,writing_on_a_board,NO
Img_2921.jpg,fishing,YES
Img_2196.jpg,brushing_teeth,NO
Img_6374.jpg,texting_message,NO
Img_595.jpg,rowing_a_boat,NO
Img_5766.jpg,reading,NO
Img_7738.jpg,blowing_bubbles,NO
Img_2912.jpg,looking_through_a_microscope,NO
Img_782.jpg,holding_an_umbrella,YES
Img_6667.jpg,writing_on_a_book,YES
Img_4660.jpg,playing_guitar,YES
Img_138.jpg,gardening,NO
Img_6533.jpg,reading,NO
Img_6840.jpg,using_a_computer,NO
Img_824.jpg,cleaning_the_floor,NO
Img_7589.jpg,writing_on_a_book,NO
Img_6735.jpg,playing_guitar,NO
Img_5994.jpg,fixing_a_car,NO
Img_210.jpg,pushing_a_cart,NO
Img_2842.jpg,cutting_trees,NO
Img_5461.jpg,playing_guitar,NO
Img_7360.jpg,waving_hands,NO
Img_9048.jpg,throwing_frisby,NO
Img_8038.jpg,washing_dishes,NO
Img_412.jpg,riding_a_horse,NO
Img_1354.jpg,feeding_a_horse,NO
Img_7489.jpg,cooking,YES
Img_439.jpg,running,NO
Img_8692.jpg,riding_a_bike,YES
Img_8218.jpg,cleaning_the_floor,NO
Img_4901.jpg,running,YES
Img_1932.jpg,applauding,NO
Img_1827.jpg,playing_violin,NO
Img_2557.jpg,cooking,NO
Img_12.jpg,writing_on_a_board,YES
Img_8822.jpg,cooking,NO
Img_373.jpg,cutting_vegetables,NO
Img_2172.jpg,writing_on_a_board,NO
Img_7858.jpg,fixing_a_car,NO
Img_8018.jpg,phoning,NO
Img_515.jpg,playing_violin,YES
Img_4473.jpg,throwing_frisby,NO
Img_1193.jpg,fishing,NO
Img_7510.jpg,fixing_a_bike,NO
Img_5214.jpg,drinking,NO
Img_6824.jpg,smoking,YES
Img_3869.jpg,rowing_a_boat,NO
Img_4249.jpg,reading,YES
Img_7573.jpg,fixing_a_car,NO
Img_2904.jpg,cleaning_the_floor,NO
Img_9271.jpg,drinking,YES
Img_5387.jpg,texting_message,NO
Img_7550.jpg,jumping,NO
Img_4612.jpg,smoking,YES
Img_43.jpg,cooking,NO
Img_6313.jpg,throwing_frisby,YES
Img_6702.jpg,riding_a_bike,YES
Img_3325.jpg,playing_violin,YES
Img_7037.jpg,blowing_bubbles,NO
Img_7722.jpg,applauding,NO
Img_6286.jpg,cutting_vegetables,NO
Img_9208.jpg,rowing_a_boat,NO
Img_2901.jpg,rowing_a_boat,YES
Img_3378.jpg,holding_an_umbrella,YES
Img_3990.jpg,phoning,NO
Img_8782.jpg,shooting_an_arrow,YES
Img_8582.jpg,jumping,NO
Img_6849.jpg,applauding,YES
Img_5315.jpg,cutting_vegetables,NO
Img_947.jpg,blowing_bubbles,YES
Img_4923.jpg,playing_guitar,NO
Img_4997.jpg,riding_a_horse,NO
Img_6960.jpg,looking_through_a_telescope,YES
Img_8030.jpg,cutting_vegetables,NO
Img_3021.jpg,cooking,NO
Img_2867.jpg,reading,NO
Img_8448.jpg,brushing_teeth,NO
Img_5260.jpg,playing_violin,NO
Img_5019.jpg,smoking,YES
Img_6361.jpg,texting_message,YES
Img_3735.jpg,cooking,YES
Img_8422.jpg,pouring_liquid,NO
Img_6242.jpg,cutting_vegetables,YES
Img_8785.jpg,cleaning_the_floor,NO
Img_3355.jpg,walking_the_dog,NO
Img_759.jpg,playing_guitar,NO
Img_5393.jpg,holding_an_umbrella,NO
Img_3659.jpg,jumping,NO
Img_5953.jpg,watching_TV,YES
Img_9301.jpg,riding_a_horse,NO
Img_5432.jpg,brushing_teeth,NO
Img_4690.jpg,looking_through_a_microscope,YES
Img_158.jpg,cooking,YES
Img_5987.jpg,looking_through_a_microscope,NO
Img_2178.jpg,cutting_vegetables,YES
Img_1795.jpg,drinking,NO
Img_5272.jpg,writing_on_a_board,NO
Img_2651.jpg,running,NO
Img_5314.jpg,looking_through_a_microscope,YES
Img_8634.jpg,cooking,NO
Img_3628.jpg,blowing_bubbles,NO
Img_6364.jpg,shooting_an_arrow,NO
Img_3062.jpg,looking_through_a_microscope,NO
Img_8361.jpg,using_a_computer,YES
Img_463.jpg,smoking,NO
Img_8841.jpg,waving_hands,YES
Img_9130.jpg,feeding_a_horse,NO
Img_2097.jpg,riding_a_bike,NO
Img_3077.jpg,drinking,NO
Img_5694.jpg,texting_message,YES
Img_8224.jpg,fixing_a_car,NO
Img_160.jpg,climbing,NO
Img_7673.jpg,fishing,NO
Img_3179.jpg,gardening,NO
Img_5202.jpg,fixing_a_car,YES
Img_4964.jpg,writing_on_a_board,NO
Img_1119.jpg,smoking,NO
Img_661.jpg,climbing,NO
Img_4718.jpg,feeding_a_horse,NO
Img_6192.jpg,jumping,NO
Img_3850.jpg,playing_guitar,NO
Img_1608.jpg,applauding,YES
Img_4042.jpg,using_a_computer,NO
Img_1335.jpg,throwing_frisby,NO
Img_9229.jpg,climbing,NO
Img_6116.jpg,looking_through_a_telescope,NO
Img_6801.jpg,riding_a_horse,NO
Img_7464.jpg,reading,NO
Img_9520.jpg,shooting_an_arrow,YES
Img_365.jpg,cooking,NO
Img_6729.jpg,cooking,NO
Img_6520.jpg,rowing_a_boat,NO
Img_5098.jpg,looking_through_a_microscope,NO
Img_9072.jpg,fishing,NO
Img_3882.jpg,texting_message,YES
Img_8601.jpg,riding_a_bike,NO
Img_992.jpg,throwing_frisby,YES
Img_7989.jpg,phoning,NO
Img_6531.jpg,throwing_frisby,NO
Img_5757.jpg,fixing_a_bike,YES
Img_4456.jpg,watching_TV,NO
Img_6465.jpg,cutting_trees,NO
Img_9282.jpg,cutting_trees,NO
Img_65.jpg,cutting_vegetables,NO
Img_5906.jpg,climbing,NO
Img_8450.jpg,jumping,NO
Img_2024.jpg,writing_on_a_board,NO
Img_3328.jpg,reading,NO
Img_1884.jpg,pouring_liquid,NO
Img_6027.jpg,taking_photos,NO
Img_4617.jpg,cooking,NO
Img_3775.jpg,feeding_a_horse,NO
Img_1210.jpg,riding_a_horse,NO
Img_7650.jpg,riding_a_horse,NO
Img_2295.jpg,drinking,NO
Img_8983.jpg,reading,NO
Img_3552.jpg,running,NO
Img_3414.jpg,reading,YES
Img_1675.jpg,cleaning_the_floor,YES
Img_1896.jpg,cooking,YES
Img_1214.jpg,riding_a_bike,NO
Img_9354.jpg,cooking,YES
Img_1543.jpg,pouring_liquid,YES
Img_8708.jpg,jumping,NO
Img_8810.jpg,using_a_computer,NO
Img_8067.jpg,looking_through_a_telescope,NO
Img_1518.jpg,pouring_liquid,NO
Img_9516.jpg,looking_through_a_telescope,NO
Img_167.jpg,looking_through_a_telescope,YES
Img_4283.jpg,pushing_a_cart,YES
Img_2084.jpg,writing_on_a_book,YES
Img_2629.jpg,blowing_bubbles,NO
Img_5507.jpg,drinking,NO
Img_5185.jpg,smoking,NO
Img_6402.jpg,reading,NO
Img_2469.jpg,looking_through_a_microscope,YES
Img_1617.jpg,pushing_a_cart,YES
Img_1966.jpg,playing_violin,NO
Img_8912.jpg,throwing_frisby,NO
Img_8010.jpg,watching_TV,YES
Img_204.jpg,playing_violin,NO
Img_665.jpg,fishing,YES
Img_2323.jpg,reading,NO
Img_7579.jpg,pushing_a_cart,YES
Img_2622.jpg,walking_the_dog,NO
Img_8429.jpg,applauding,NO
Img_5409.jpg,reading,NO
Img_4066.jpg,cutting_trees,NO
Img_2930.jpg,walking_the_dog,NO
Img_7994.jpg,pouring_liquid,YES
Img_6525.jpg,applauding,YES
Img_1874.jpg,writing_on_a_book,YES
Img_8057.jpg,fixing_a_bike,YES
Img_7622.jpg,feeding_a_horse,YES
Img_8058.jpg,running,YES
Img_3484.jpg,gardening,NO
Img_120.jpg,looking_through_a_telescope,NO
Img_2338.jpg,waving_hands,NO
Img_5613.jpg,playing_violin,YES
Img_6380.jpg,cleaning_the_floor,NO
Img_9040.jpg,climbing,NO
Img_5065.jpg,washing_dishes,NO
Img_2720.jpg,climbing,NO
Img_6772.jpg,writing_on_a_book,YES
Img_3049.jpg,blowing_bubbles,YES
Img_3184.jpg,playing_violin,NO
Img_5295.jpg,climbing,NO
Img_6187.jpg,cooking,YES
Img_3437.jpg,running,NO
Img_1223.jpg,fishing,NO
Img_3916.jpg,playing_violin,YES
Img_4855.jpg,fixing_a_bike,NO
Img_5334.jpg,drinking,NO
Img_7346.jpg,cleaning_the_floor,NO
Img_4727.jpg,riding_a_bike,NO
Img_4978.jpg,drinking,YES
Img_9410.jpg,feeding_a_horse,YES
Img_2159.jpg,playing_guitar,NO
Img_2473.jpg,rowing_a_boat,NO
Img_5077.jpg,smoking,NO
Img_2570.jpg,looking_through_a_microscope,YES
Img_901.jpg,writing_on_a_book,YES
Img_3731.jpg,fixing_a_bike,NO
Img_1028.jpg,gardening,YES
Img_1466.jpg,watching_TV,YES
Img_7397.jpg,playing_guitar,NO
Img_8258.jpg,watching_TV,YES
Img_5868.jpg,cutting_trees,NO
Img_1826.jpg,playing_violin,NO
Img_6248.jpg,smoking,YES
Img_4423.jpg,using_a_computer,YES
Img_5795.jpg,texting_message,NO
Img_4628.jpg,holding_an_umbrella,YES
Img_1017.jpg,cutting_trees,NO
Img_7909.jpg,rowing_a_boat,NO
Img_7656.jpg,taking_photos,NO
Img_1613.jpg,using_a_computer,NO
Img_4885.jpg,shooting_an_arrow,NO
Img_5845.jpg,fixing_a_bike,YES
Img_6730.jpg,phoning,NO
Img_323.jpg,throwing_frisby,YES
Img_6691.jpg,holding_an_umbrella,NO
Img_3821.jpg,riding_a_horse,YES
Img_1759.jpg,blowing_bubbles,NO
Img_5673.jpg,jumping,NO
Img_1646.jpg,feeding_a_horse,NO
Img_2769.jpg,using_a_computer,NO
Img_4931.jpg,climbing,NO
Img_2032.jpg,taking_photos,YES
Img_4914.jpg,gardening,NO
Img_1493.jpg,climbing,NO
Img_2217.jpg,playing_guitar,NO
Img_4131.jpg,drinking,NO
Img_5876.jpg,fishing,NO
Img_5271.jpg,applauding,YES
Img_2002.jpg,washing_dishes,NO
Img_6674.jpg,reading,NO
Img_4603.jpg,cleaning_the_floor,NO
Img_7588.jpg,fishing,NO
Img_5045.jpg,fixing_a_car,NO
Img_5275.jpg,blowing_bubbles,NO
Img_8540.jpg,riding_a_bike,YES
Img_17.jpg,jumping,NO
Img_5378.jpg,fixing_a_car,NO
Img_1957.jpg,rowing_a_boat,YES
Img_6100.jpg,jumping,YES
Img_6084.jpg,writing_on_a_book,YES
Img_8807.jpg,cooking,NO
Img_3734.jpg,playing_violin,YES
Img_4064.jpg,writing_on_a_book,NO
Img_7328.jpg,riding_a_horse,NO
Img_3421.jpg,climbing,NO
Img_4944.jpg,throwing_frisby,YES
Img_6273.jpg,fixing_a_car,NO
Img_1234.jpg,gardening,NO
Img_9154.jpg,riding_a_horse,YES
Img_7596.jpg,playing_violin,YES
Img_5377.jpg,playing_violin,YES
Img_4069.jpg,writing_on_a_board,NO
Img_897.jpg,cooking,NO
Img_1174.jpg,fixing_a_car,NO
Img_1504.jpg,looking_through_a_microscope,YES
Img_5237.jpg,blowing_bubbles,NO
Img_3898.jpg,writing_on_a_board,NO
Img_1024.jpg,riding_a_bike,YES
Img_8007.jpg,feeding_a_horse,NO
Img_7490.jpg,writing_on_a_book,NO
Img_6150.jpg,playing_violin,YES
Img_4313.jpg,using_a_computer,NO
Img_6522.jpg,cooking,NO
Img_537.jpg,jumping,NO
Img_7750.jpg,cleaning_the_floor,NO
Img_4150.jpg,climbing,NO
Img_1205.jpg,fishing,NO
Img_8572.jpg,cooking,NO
Img_5396.jpg,brushing_teeth,NO
Img_208.jpg,gardening,NO
Img_5999.jpg,riding_a_horse,NO
Img_2041.jpg,fixing_a_bike,NO
Img_7514.jpg,cleaning_the_floor,NO
Img_6984.jpg,applauding,YES
Img_3426.jpg,cleaning_the_floor,NO
Img_2591.jpg,cooking,NO
Img_471.jpg,fishing,NO
Img_6640.jpg,riding_a_bike,NO
Img_1832.jpg,climbing,NO
Img_3944.jpg,cleaning_the_floor,NO
Img_760.jpg,blowing_bubbles,YES
Img_8915.jpg,brushing_teeth,NO
Img_5761.jpg,gardening,YES
Img_4844.jpg,rowing_a_boat,NO
Img_4045.jpg,rowing_a_boat,NO
Img_6480.jpg,cutting_trees,NO
Img_125.jpg,throwing_frisby,YES
Img_6588.jpg,using_a_computer,NO
Img_1535.jpg,writing_on_a_book,YES
Img_4532.jpg,holding_an_umbrella,NO
Img_2102.jpg,cooking,YES
Img_8395.jpg,shooting_an_arrow,NO
Img_2908.jpg,playing_violin,NO
Img_7603.jpg,throwing_frisby,YES
Img_1224.jpg,feeding_a_horse,NO
Img_7850.jpg,walking_the_dog,NO
Img_4795.jpg,watching_TV,YES
Img_5738.jpg,drinking,NO
Img_2541.jpg,looking_through_a_microscope,NO
Img_2664.jpg,applauding,YES
Img_6362.jpg,applauding,NO
Img_5620.jpg,pushing_a_cart,YES
Img_9127.jpg,texting_message,YES
Img_9312.jpg,walking_the_dog,NO
Img_6972.jpg,writing_on_a_book,YES
Img_4990.jpg,fishing,NO
Img_2342.jpg,riding_a_horse,NO
Img_884.jpg,cutting_vegetables,YES
Img_8228.jpg,walking_the_dog,YES
Img_1401.jpg,playing_guitar,YES
Img_5899.jpg,blowing_bubbles,NO
Img_1007.jpg,holding_an_umbrella,NO
Img_3856.jpg,running,NO
Img_8977.jpg,writing_on_a_book,NO
Img_222.jpg,watching_TV,YES
Img_5162.jpg,fixing_a_car,NO
Img_6524.jpg,washing_dishes,NO
Img_1908.jpg,shooting_an_arrow,NO
Img_2375.jpg,cooking,NO
Img_4447.jpg,playing_guitar,NO
Img_3222.jpg,fixing_a_car,YES
Img_5790.jpg,cutting_vegetables,NO
Img_575.jpg,looking_through_a_microscope,YES
Img_8216.jpg,climbing,YES
Img_7583.jpg,watching_TV,YES
Img_999.jpg,brushing_teeth,NO
Img_7086.jpg,fixing_a_car,NO
Img_4286.jpg,cutting_trees,NO
Img_9347.jpg,climbing,NO
Img_8116.jpg,smoking,YES
Img_1690.jpg,fishing,NO
Img_9151.jpg,looking_through_a_microscope,YES
Img_3502.jpg,climbing,YES
Img_8256.jpg,applauding,YES
Img_8897.jpg,walking_the_dog,NO
Img_3927.jpg,cutting_trees,YES
Img_8182.jpg,cutting_trees,NO
Img_7119.jpg,phoning,NO
Img_3627.jpg,feeding_a_horse,NO
Img_4820.jpg,washing_dishes,NO
Img_7554.jpg,running,NO
Img_5540.jpg,cleaning_the_floor,NO
Img_5157.jpg,rowing_a_boat,NO
Img_2594.jpg,riding_a_horse,NO
Img_3343.jpg,holding_an_umbrella,NO
Img_9364.jpg,riding_a_bike,NO
Img_1923.jpg,pushing_a_cart,NO
Img_9132.jpg,pouring_liquid,YES
Img_604.jpg,running,NO
Img_1619.jpg,running,YES
Img_2089.jpg,reading,NO
Img_8833.jpg,cooking,NO
Img_5834.jpg,running,YES
Img_5456.jpg,fixing_a_car,NO
Img_416.jpg,writing_on_a_board,NO
Img_7712.jpg,cooking,YES
Img_2307.jpg,fixing_a_car,YES
Img_1797.jpg,holding_an_umbrella,NO
Img_7203.jpg,rowing_a_boat,NO
Img_9466.jpg,cleaning_the_floor,YES